@T,table
Created,2018-05-21 10:17
Author,HortonMachine library
@H,timestamp,value_135,value_105,value_106,value_108,value_112,value_49,value_145,value_50,value_51,value_147,value_52,value_53,value_54,value_55,value_56
ID,,135,105,106,108,112,49,145,50,51,147,52,53,54,55,56
Type,Date,Double,Double,Double,Double,Double,Double,Double,Double,Double,Double,Double,Double,Double,Double,Double
Format,yyyy-MM-dd HH:mm,,,,,,,,,,,,,,,
,2007-01-01 00:00,0.0,0.0,0.0,-9999.0,0.0,0.0,0.0,0.0,0.0,0.0,0.0,0.0,0.0,-9999.0,0.0
,2007-01-01 01:00,0.0,0.0,0.0,-9999.0,0.0,0.0,0.0,0.0,0.0,0.0,0.0,0.0,0.0,-9999.0,0.0
,2007-01-01 02:00,0.0,0.0,0.0,-9999.0,0.0,0.0,0.0,0.0,0.0,0.0,0.0,0.0,0.0,-9999.0,0.0
,2007-01-01 03:00,0.0,0.0,0.0,1860.6147291277164,0.0,0.0,0.0,0.0,0.0,0.0,0.0,0.0,0.0,1843.059297739928,0.0
,2007-01-01 04:00,0.0,0.0,0.0,1871.4205815675964,0.0,0.0,0.0,0.0,0.0,0.0,0.0,0.0,0.0,1861.8519261914714,0.0
,2007-01-01 05:00,0.0,0.0,0.0,1795.7126030770346,0.0,0.0,0.0,0.0,0.0,0.0,0.0,0.0,0.0,1809.3672740976344,0.0
,2007-01-01 06:00,0.0,0.0,0.0,1863.494120424945,0.0,0.0,0.0,0.0,0.0,0.0,0.0,0.0,0.0,1887.4956360206158,0.0
,2007-01-01 07:00,0.0,0.0,0.0,1881.9232380266901,0.0,0.0,0.0,0.0,0.0,0.0,0.0,0.0,0.0,1926.475811070797,0.0
,2007-01-01 08:00,0.0,0.0,0.0,1723.358869721432,0.0,0.0,0.0,0.0,0.0,0.0,0.0,0.0,0.0,1779.3001815930213,0.0
,2007-01-01 09:00,0.0,0.0,0.0,-9999.0,0.0,0.0,0.0,0.0,0.0,0.0,0.0,0.0,0.0,-9999.0,0.0
,2007-01-01 10:00,0.0,0.0,0.0,-9999.0,0.0,0.0,0.0,0.0,0.0,0.0,0.0,0.0,0.0,-9999.0,0.0
,2007-01-01 11:00,0.0,0.0,0.0,-9999.0,0.0,0.0,0.0,0.0,0.0,0.0,0.0,0.0,0.0,-9999.0,0.0
,2007-01-01 12:00,0.0,0.0,0.0,-9999.0,0.0,0.0,0.0,0.0,0.0,0.0,0.0,0.0,0.0,-9999.0,0.0
,2007-01-01 13:00,0.0,0.0,0.0,-9999.0,0.0,0.0,0.0,0.0,0.0,0.0,0.0,0.0,0.0,-9999.0,0.0
,2007-01-01 14:00,0.0,0.0,0.0,-9999.0,0.0,0.0,0.0,0.0,0.0,0.0,0.0,0.0,0.0,-9999.0,0.0
,2007-01-01 15:00,0.0,0.0,0.0,-9999.0,0.0,0.0,0.0,0.0,0.0,0.0,0.0,0.0,0.0,-9999.0,0.0
,2007-01-01 16:00,0.0,0.0,0.0,-9999.0,0.0,0.0,0.0,0.0,0.0,0.0,0.0,0.0,0.0,-9999.0,0.0
,2007-01-01 17:00,0.0,0.0,0.0,1498.6949519067505,0.0,0.0,0.0,0.0,0.0,0.0,0.0,0.0,0.0,1599.3777863545595,0.0
,2007-01-01 18:00,0.0,0.0,0.0,1493.4351667505084,0.0,0.0,0.0,0.0,0.0,0.0,0.0,0.0,0.0,1607.5828567223705,0.0
,2007-01-01 19:00,0.0,0.0,0.0,1363.4853502361477,0.0,0.0,0.0,0.0,0.0,0.0,0.0,0.0,0.0,1466.2863653075472,0.0
,2007-01-01 20:00,0.0,0.0,0.0,1256.8455033637742,0.0,0.0,0.0,0.0,0.0,0.0,0.0,0.0,0.0,1356.7838086485972,0.0
,2007-01-01 21:00,0.0,0.0,0.0,1174.63637145703,0.0,0.0,0.0,0.0,0.0,0.0,0.0,0.0,0.0,1278.1987291760267,0.0
,2007-01-01 22:00,0.0,0.0,0.0,-9999.0,0.0,0.0,0.0,0.0,0.0,0.0,0.0,0.0,0.0,-9999.0,0.0
,2007-01-01 23:00,0.0,0.0,0.0,-9999.0,0.0,0.0,0.0,0.0,0.0,0.0,0.0,0.0,0.0,-9999.0,0.0
,2007-01-02 00:00,0.0,0.0,0.0,-9999.0,0.0,0.0,0.0,0.0,0.0,0.0,0.0,0.0,0.0,-9999.0,0.0
,2007-01-02 01:00,0.0,0.0,0.0,-9999.0,0.0,0.0,0.0,0.0,0.0,0.0,0.0,0.0,0.0,-9999.0,0.0
,2007-01-02 02:00,0.0,0.0,0.0,-9999.0,0.0,0.0,0.0,0.0,0.0,0.0,0.0,0.0,0.0,-9999.0,0.0
,2007-01-02 03:00,0.0,0.0,0.0,1084.3137278283236,0.0,0.0,0.0,0.0,0.0,0.0,0.0,0.0,0.0,1173.1876367761774,0.0
,2007-01-02 04:00,0.0,0.0,0.0,1069.0905083925963,0.0,0.0,0.0,0.0,0.0,0.0,0.0,0.0,0.0,1156.2173289057728,0.0
,2007-01-02 05:00,0.0,0.0,0.0,1044.4703079369751,0.0,0.0,0.0,0.0,0.0,0.0,0.0,0.0,0.0,1130.8781777141253,0.0
,2007-01-02 06:00,0.0,0.0,0.0,1065.9484080117986,0.0,0.0,0.0,0.0,0.0,0.0,0.0,0.0,0.0,1147.1133052925484,0.0
,2007-01-02 07:00,0.0,0.0,0.0,1076.797923678252,0.0,0.0,0.0,0.0,0.0,0.0,0.0,0.0,0.0,1161.704030488997,0.0
,2007-01-02 08:00,0.0,0.0,0.0,1075.9350329100578,0.0,0.0,0.0,0.0,0.0,0.0,0.0,0.0,0.0,1159.1148928435173,0.0
,2007-01-02 09:00,0.0,0.0,0.0,-9999.0,0.0,0.0,0.0,0.0,0.0,0.0,0.0,0.0,0.0,-9999.0,0.0
,2007-01-02 10:00,0.0,0.0,0.0,-9999.0,0.0,0.0,0.0,0.0,0.0,0.0,0.0,0.0,0.0,-9999.0,0.0
,2007-01-02 11:00,0.0,0.0,0.0,-9999.0,0.0,0.0,0.0,0.0,0.0,0.0,0.0,0.0,0.0,-9999.0,0.0
,2007-01-02 12:00,0.0,0.0,0.0,-9999.0,0.0,0.0,0.0,0.0,0.0,0.0,0.0,0.0,0.0,-9999.0,0.0
,2007-01-02 13:00,0.0,0.0,0.0,-9999.0,0.0,0.0,0.0,0.0,0.0,0.0,0.0,0.0,0.0,-9999.0,0.0
,2007-01-02 14:00,0.0,0.0,0.0,-9999.0,0.0,0.0,0.0,0.0,0.0,0.0,0.0,0.0,0.0,-9999.0,0.0
,2007-01-02 15:00,0.0,0.0,0.0,-9999.0,0.0,0.0,0.0,0.0,0.0,0.0,0.0,0.0,0.0,-9999.0,0.0
,2007-01-02 16:00,0.0,0.0,0.0,-9999.0,0.0,0.0,0.0,0.0,0.0,0.0,0.0,0.0,0.0,-9999.0,0.0
,2007-01-02 17:00,0.0,0.0,0.0,849.6479325205232,0.0,0.0,0.0,0.0,0.0,0.0,0.0,0.0,0.0,946.342663244794,0.0
,2007-01-02 18:00,0.0,0.0,0.0,860.7787352126911,0.0,0.0,0.0,0.0,0.0,0.0,0.0,0.0,0.0,953.9702542144921,0.0
,2007-01-02 19:00,0.0,0.0,0.0,868.1576141065308,0.0,0.0,0.0,0.0,0.0,0.0,0.0,0.0,0.0,958.8681811825936,0.0
,2007-01-02 20:00,0.0,0.0,0.0,877.5701944950533,0.0,0.0,0.0,0.0,0.0,0.0,0.0,0.0,0.0,963.9719874694407,0.0
,2007-01-02 21:00,0.0,0.0,0.0,895.0612246368858,0.0,0.0,0.0,0.0,0.0,0.0,0.0,0.0,0.0,988.7611830512001,0.0
,2007-01-02 22:00,0.0,0.0,0.0,-9999.0,0.0,0.0,0.0,0.0,0.0,0.0,0.0,0.0,0.0,-9999.0,0.0
,2007-01-02 23:00,0.0,0.0,0.0,-9999.0,0.0,0.0,0.0,0.0,0.0,0.0,0.0,0.0,0.0,-9999.0,0.0
,2007-01-03 00:00,0.0,0.0,0.0,-9999.0,0.0,0.0,0.0,0.0,0.0,0.0,0.0,0.0,0.0,-9999.0,0.0
,2007-01-03 01:00,0.0,0.0,0.0,-9999.0,0.0,0.0,0.0,0.0,0.0,0.0,0.0,0.0,0.0,-9999.0,0.0
,2007-01-03 02:00,0.0,0.0,0.0,-9999.0,0.0,0.0,0.0,0.0,0.0,0.0,0.0,0.0,0.0,-9999.0,0.0
,2007-01-03 03:00,0.0,0.0,0.0,937.2684075593794,0.0,0.0,0.0,0.0,0.0,0.0,0.0,0.0,0.0,1035.598692370764,0.0
,2007-01-03 04:00,0.0,0.0,0.0,927.9857212055717,0.0,0.0,0.0,0.0,0.0,0.0,0.0,0.0,0.0,1025.431069389921,0.0
,2007-01-03 05:00,0.0,0.0,0.0,927.683727490951,0.0,0.0,0.0,0.0,0.0,0.0,0.0,0.0,0.0,1023.5806390849955,0.0
,2007-01-03 06:00,0.0,0.0,0.0,932.3365328106063,0.0,0.0,0.0,0.0,0.0,0.0,0.0,0.0,0.0,1022.2185678079451,0.0
,2007-01-03 07:00,0.0,0.0,0.0,935.5196504838777,0.0,0.0,0.0,0.0,0.0,0.0,0.0,0.0,0.0,1020.6420108389187,0.0
,2007-01-03 08:00,0.0,0.0,0.0,967.1365411095071,0.0,0.0,0.0,0.0,0.0,0.0,0.0,0.0,0.0,1052.013280556671,0.0
,2007-01-03 09:00,0.0,0.0,0.0,-9999.0,0.0,0.0,0.0,0.0,0.0,0.0,0.0,0.0,0.0,-9999.0,0.0
,2007-01-03 10:00,0.0,0.0,0.0,-9999.0,0.0,0.0,0.0,0.0,0.0,0.0,0.0,0.0,0.0,-9999.0,0.0
,2007-01-03 11:00,0.0,0.0,0.0,-9999.0,0.0,0.0,0.0,0.0,0.0,0.0,0.0,0.0,0.0,-9999.0,0.0
,2007-01-03 12:00,0.0,0.0,0.0,-9999.0,0.0,0.0,0.0,0.0,0.0,0.0,0.0,0.0,0.0,-9999.0,0.0
,2007-01-03 13:00,0.0,0.0,0.0,-9999.0,0.0,0.0,0.0,0.0,0.0,0.0,0.0,0.0,0.0,-9999.0,0.0
,2007-01-03 14:00,0.0,0.0,0.0,-9999.0,0.0,0.0,0.0,0.0,0.0,0.0,0.0,0.0,0.0,-9999.0,0.0
,2007-01-03 15:00,0.0,0.0,0.0,-9999.0,0.0,0.0,0.0,0.0,0.0,0.0,0.0,0.0,0.0,-9999.0,0.0
,2007-01-03 16:00,0.0,0.0,0.0,-9999.0,0.0,0.0,0.0,0.0,0.0,0.0,0.0,0.0,0.0,-9999.0,0.0
,2007-01-03 17:00,0.0,0.0,0.0,1061.660861230019,0.0,0.0,0.0,0.0,0.0,0.0,0.0,0.0,0.0,1177.593850073176,0.0
,2007-01-03 18:00,0.0,0.0,0.0,1041.794070150378,0.0,0.0,0.0,0.0,0.0,0.0,0.0,0.0,0.0,1141.96948145372,0.0
,2007-01-03 19:00,0.0,0.0,0.0,1040.0700093727087,0.0,0.0,0.0,0.0,0.0,0.0,0.0,0.0,0.0,1136.900797045345,0.0
,2007-01-03 20:00,0.0,0.0,0.0,1103.4028366963767,0.0,0.0,0.0,0.0,0.0,0.0,0.0,0.0,0.0,1189.7825011450504,0.0
,2007-01-03 21:00,0.0,0.0,0.0,1171.426439460739,0.0,0.0,0.0,0.0,0.0,0.0,0.0,0.0,0.0,1245.5528427791132,0.0
,2007-01-03 22:00,0.0,0.0,0.0,-9999.0,0.0,0.0,0.0,0.0,0.0,0.0,0.0,0.0,0.0,-9999.0,0.0
,2007-01-03 23:00,0.0,0.0,0.0,-9999.0,0.0,0.0,0.0,0.0,0.0,0.0,0.0,0.0,0.0,-9999.0,0.0
,2007-01-04 00:00,0.0,0.0,0.0,-9999.0,0.0,0.0,0.0,0.0,0.0,0.0,0.0,0.0,0.0,-9999.0,0.0
,2007-01-04 01:00,0.0,0.0,0.0,-9999.0,0.0,0.0,0.0,0.0,0.0,0.0,0.0,0.0,0.0,-9999.0,0.0
,2007-01-04 02:00,0.0,0.0,0.0,-9999.0,0.0,0.0,0.0,0.0,0.0,0.0,0.0,0.0,0.0,-9999.0,0.0
,2007-01-04 03:00,0.0,0.0,0.0,1492.8245969838456,0.0,0.0,0.0,0.0,0.0,0.0,0.0,0.0,0.0,1534.1414174490296,0.0
,2007-01-04 04:00,0.0,0.0,0.0,1505.432977960143,0.0,0.0,0.0,0.0,0.0,0.0,0.0,0.0,0.0,1546.9501756288419,0.0
,2007-01-04 05:00,0.0,0.0,0.0,1545.023821891746,0.0,0.0,0.0,0.0,0.0,0.0,0.0,0.0,0.0,1572.9472037232695,0.0
,2007-01-04 06:00,0.0,0.0,0.0,1530.205824988692,0.0,0.0,0.0,0.0,0.0,0.0,0.0,0.0,0.0,1558.5816289612897,0.0
,2007-01-04 07:00,0.0,0.0,0.0,1547.2935376624584,0.0,0.0,0.0,0.0,0.0,0.0,0.0,0.0,0.0,1570.5987261983266,0.0
,2007-01-04 08:00,0.0,0.0,0.0,1609.5294947536772,0.0,0.0,0.0,0.0,0.0,0.0,0.0,0.0,0.0,1630.1349690209697,0.0
,2007-01-04 09:00,0.0,0.0,0.0,-9999.0,0.0,0.0,0.0,0.0,0.0,0.0,0.0,0.0,0.0,-9999.0,0.0
,2007-01-04 10:00,0.0,0.0,0.0,-9999.0,0.0,0.0,0.0,0.0,0.0,0.0,0.0,0.0,0.0,-9999.0,0.0
,2007-01-04 11:00,0.0,0.0,0.0,-9999.0,0.0,0.0,0.0,0.0,0.0,0.0,0.0,0.0,0.0,-9999.0,0.0
,2007-01-04 12:00,0.0,0.0,0.0,-9999.0,0.0,0.0,0.0,0.0,0.0,0.0,0.0,0.0,0.0,-9999.0,0.0
,2007-01-04 13:00,0.0,0.0,0.0,-9999.0,0.0,0.0,0.0,0.0,0.0,0.0,0.0,0.0,0.0,-9999.0,0.0
,2007-01-04 14:00,0.0,0.0,0.0,-9999.0,0.0,0.0,0.0,0.0,0.0,0.0,0.0,0.0,0.0,-9999.0,0.0
,2007-01-04 15:00,0.0,0.0,0.0,-9999.0,0.0,0.0,0.0,0.0,0.0,0.0,0.0,0.0,0.0,-9999.0,0.0
,2007-01-04 16:00,0.0,0.0,0.0,-9999.0,0.0,0.0,0.0,0.0,0.0,0.0,0.0,0.0,0.0,-9999.0,0.0
,2007-01-04 17:00,0.0,0.0,0.0,1358.088913699667,0.0,0.0,0.0,0.0,0.0,0.0,0.0,0.0,0.0,1411.7207570133394,0.0
,2007-01-04 18:00,0.0,0.0,0.0,1320.0194770450955,0.0,0.0,0.0,0.0,0.0,0.0,0.0,0.0,0.0,1369.094267766495,0.0
,2007-01-04 19:00,0.0,0.0,0.0,1313.0373708839059,0.0,0.0,0.0,0.0,0.0,0.0,0.0,0.0,0.0,1367.0586678889701,0.0
,2007-01-04 20:00,0.0,0.0,0.0,1307.4909847781714,0.0,0.0,0.0,0.0,0.0,0.0,0.0,0.0,0.0,1362.778470798497,0.0
,2007-01-04 21:00,0.0,0.0,0.0,1271.0030852256127,0.0,0.0,0.0,0.0,0.0,0.0,0.0,0.0,0.0,1339.0035476553946,0.0
,2007-01-04 22:00,0.0,0.0,0.0,-9999.0,0.0,0.0,0.0,0.0,0.0,0.0,0.0,0.0,0.0,-9999.0,0.0
,2007-01-04 23:00,0.0,0.0,0.0,-9999.0,0.0,0.0,0.0,0.0,0.0,0.0,0.0,0.0,0.0,-9999.0,0.0
,2007-01-05 00:00,0.0,0.0,0.0,-9999.0,0.0,0.0,0.0,0.0,0.0,0.0,0.0,0.0,0.0,-9999.0,0.0
,2007-01-05 01:00,0.0,0.0,0.0,-9999.0,0.0,0.0,0.0,0.0,0.0,0.0,0.0,0.0,0.0,-9999.0,0.0
,2007-01-05 02:00,0.0,0.0,0.0,-9999.0,0.0,0.0,0.0,0.0,0.0,0.0,0.0,0.0,0.0,-9999.0,0.0
,2007-01-05 03:00,0.0,0.0,0.0,1238.9714861348364,0.0,0.0,0.0,0.0,0.0,0.0,0.0,0.0,0.0,1307.0080307600147,0.0
,2007-01-05 04:00,0.0,0.0,0.0,1229.3129943156516,0.0,0.0,0.0,0.0,0.0,0.0,0.0,0.0,0.0,1294.297355996758,0.0
,2007-01-05 05:00,0.0,0.0,0.0,1210.8702949300912,0.0,0.0,0.0,0.0,0.0,0.0,0.0,0.0,0.0,1289.5060879513364,0.0
,2007-01-05 06:00,0.0,0.0,0.0,1200.7030299840392,0.0,0.0,0.0,0.0,0.0,0.0,0.0,0.0,0.0,1284.1753308339034,0.0
,2007-01-05 07:00,0.0,0.0,0.0,1214.1561673451356,0.0,0.0,0.0,0.0,0.0,0.0,0.0,0.0,0.0,1299.2069794333822,0.0
,2007-01-05 08:00,0.0,0.0,0.0,1252.5709090491043,0.0,0.0,0.0,0.0,0.0,0.0,0.0,0.0,0.0,1342.8127365846444,0.0
,2007-01-05 09:00,0.0,0.0,0.0,-9999.0,0.0,0.0,0.0,0.0,0.0,0.0,0.0,0.0,0.0,-9999.0,0.0
,2007-01-05 10:00,0.0,0.0,0.0,-9999.0,0.0,0.0,0.0,0.0,0.0,0.0,0.0,0.0,0.0,-9999.0,0.0
,2007-01-05 11:00,0.0,0.0,0.0,-9999.0,0.0,0.0,0.0,0.0,0.0,0.0,0.0,0.0,0.0,-9999.0,0.0
,2007-01-05 12:00,0.0,0.0,0.0,-9999.0,0.0,0.0,0.0,0.0,0.0,0.0,0.0,0.0,0.0,-9999.0,0.0
,2007-01-05 13:00,0.0,0.0,0.0,-9999.0,0.0,0.0,0.0,0.0,0.0,0.0,0.0,0.0,0.0,-9999.0,0.0
,2007-01-05 14:00,0.0,0.0,0.0,-9999.0,0.0,0.0,0.0,0.0,0.0,0.0,0.0,0.0,0.0,-9999.0,0.0
,2007-01-05 15:00,0.0,0.0,0.0,-9999.0,0.0,0.0,0.0,0.0,0.0,0.0,0.0,0.0,0.0,-9999.0,0.0
,2007-01-05 16:00,0.0,0.0,0.0,-9999.0,0.0,0.0,0.0,0.0,0.0,0.0,0.0,0.0,0.0,-9999.0,0.0
,2007-01-05 17:00,0.0,0.0,0.0,1399.2898961633528,0.0,0.0,0.0,0.0,0.0,0.0,0.0,0.0,0.0,1553.168189833444,0.0
,2007-01-05 18:00,0.0,0.0,0.0,1457.7502495928236,0.0,0.0,0.0,0.0,0.0,0.0,0.0,0.0,0.0,1605.5525944104052,0.0
,2007-01-05 19:00,0.0,0.0,0.0,1489.431965632492,0.0,0.0,0.0,0.0,0.0,0.0,0.0,0.0,0.0,1637.313264466019,0.0
,2007-01-05 20:00,0.0,0.0,0.0,1515.9136619959436,0.0,0.0,0.0,0.0,0.0,0.0,0.0,0.0,0.0,1667.9568265091832,0.0
,2007-01-05 21:00,0.0,0.0,0.0,1555.5396952372266,0.0,0.0,0.0,0.0,0.0,0.0,0.0,0.0,0.0,1700.712533938398,0.0
,2007-01-05 22:00,0.0,0.0,0.0,-9999.0,0.0,0.0,0.0,0.0,0.0,0.0,0.0,0.0,0.0,-9999.0,0.0
,2007-01-05 23:00,0.0,0.0,0.0,-9999.0,0.0,0.0,0.0,0.0,0.0,0.0,0.0,0.0,0.0,-9999.0,0.0
,2007-01-06 00:00,0.0,0.0,0.0,-9999.0,0.0,0.0,0.0,0.0,0.0,0.0,0.0,0.0,0.0,-9999.0,0.0
,2007-01-06 01:00,0.0,0.0,0.0,-9999.0,0.0,0.0,0.0,0.0,0.0,0.0,0.0,0.0,0.0,-9999.0,0.0
,2007-01-06 02:00,0.0,0.0,0.0,-9999.0,0.0,0.0,0.0,0.0,0.0,0.0,0.0,0.0,0.0,-9999.0,0.0
,2007-01-06 03:00,0.0,0.0,0.0,1547.4870805739001,0.0,0.0,0.0,0.0,0.0,0.0,0.0,0.0,0.0,1681.7237183648087,0.0
,2007-01-06 04:00,0.0,0.0,0.0,1516.3436612204346,0.0,0.0,0.0,0.0,0.0,0.0,0.0,0.0,0.0,1667.3801357123957,0.0
,2007-01-06 05:00,0.0,0.0,0.0,1466.2422489295916,0.0,0.0,0.0,0.0,0.0,0.0,0.0,0.0,0.0,1618.659482503261,0.0
,2007-01-06 06:00,0.0,0.0,0.0,1474.3358332800976,0.0,0.0,0.0,0.0,0.0,0.0,0.0,0.0,0.0,1623.2742988855425,0.0
,2007-01-06 07:00,0.0,0.0,0.0,1471.5615537613926,0.0,0.0,0.0,0.0,0.0,0.0,0.0,0.0,0.0,1635.6435319132502,0.0
,2007-01-06 08:00,0.0,0.0,0.0,1607.2781256716999,0.0,0.0,0.0,0.0,0.0,0.0,0.0,0.0,0.0,1788.3928759635953,0.0
,2007-01-06 09:00,0.0,0.0,0.0,-9999.0,0.0,0.0,0.0,0.0,0.0,0.0,0.0,0.0,0.0,-9999.0,0.0
,2007-01-06 10:00,0.0,0.0,0.0,-9999.0,0.0,0.0,0.0,0.0,0.0,0.0,0.0,0.0,0.0,-9999.0,0.0
,2007-01-06 11:00,0.0,0.0,0.0,-9999.0,0.0,0.0,0.0,0.0,0.0,0.0,0.0,0.0,0.0,-9999.0,0.0
,2007-01-06 12:00,0.0,0.0,0.0,-9999.0,0.0,0.0,0.0,0.0,0.0,0.0,0.0,0.0,0.0,-9999.0,0.0
,2007-01-06 13:00,0.0,0.0,0.0,-9999.0,0.0,0.0,0.0,0.0,0.0,0.0,0.0,0.0,0.0,-9999.0,0.0
,2007-01-06 14:00,0.0,0.0,0.0,-9999.0,0.0,0.0,0.0,0.0,0.0,0.0,0.0,0.0,0.0,-9999.0,0.0
,2007-01-06 15:00,0.0,0.0,0.0,-9999.0,0.0,0.0,0.0,0.0,0.0,0.0,0.0,0.0,0.0,-9999.0,0.0
,2007-01-06 16:00,0.0,0.0,0.0,-9999.0,0.0,0.0,0.0,0.0,0.0,0.0,0.0,0.0,0.0,-9999.0,0.0
,2007-01-06 17:00,0.0,0.0,0.0,1503.7257933417836,0.0,0.0,0.0,0.0,0.0,0.0,0.0,0.0,0.0,1620.6260414214703,0.0
,2007-01-06 18:00,0.0,0.0,0.0,1491.4298806159557,0.0,0.0,0.0,0.0,0.0,0.0,0.0,0.0,0.0,1586.6816997128644,0.0
,2007-01-06 19:00,0.0,0.0,0.0,1456.37903895202,0.0,0.0,0.0,0.0,0.0,0.0,0.0,0.0,0.0,1533.7513386700177,0.0
,2007-01-06 20:00,0.0,0.0,0.0,1430.6189413346124,0.0,0.0,0.0,0.0,0.0,0.0,0.0,0.0,0.0,1486.1474156043137,0.0
,2007-01-06 21:00,0.0,0.0,0.0,1414.966035300123,0.0,0.0,0.0,0.0,0.0,0.0,0.0,0.0,0.0,1451.5637026735938,0.0
,2007-01-06 22:00,0.0,0.0,0.0,-9999.0,0.0,0.0,0.0,0.0,0.0,0.0,0.0,0.0,0.0,-9999.0,0.0
,2007-01-06 23:00,0.0,0.0,0.0,-9999.0,0.0,0.0,0.0,0.0,0.0,0.0,0.0,0.0,0.0,-9999.0,0.0
,2007-01-07 00:00,0.0,0.0,0.0,-9999.0,0.0,0.0,0.0,0.0,0.0,0.0,0.0,0.0,0.0,-9999.0,0.0
,2007-01-07 01:00,0.0,0.0,0.0,-9999.0,0.0,0.0,0.0,0.0,0.0,0.0,0.0,0.0,0.0,-9999.0,0.0
,2007-01-07 02:00,0.0,0.0,0.0,-9999.0,0.0,0.0,0.0,0.0,0.0,0.0,0.0,0.0,0.0,-9999.0,0.0
,2007-01-07 03:00,0.0,0.0,0.0,1356.8190306133267,0.0,0.0,0.0,0.0,0.0,0.0,0.0,0.0,0.0,1409.0321906049621,0.0
,2007-01-07 04:00,0.0,0.0,0.0,1458.4345326508248,0.0,0.0,0.0,0.0,0.0,0.0,0.0,0.0,0.0,1496.4398732564903,0.0
,2007-01-07 05:00,0.0,0.0,0.0,1513.4984042817587,0.0,0.0,0.0,0.0,0.0,0.0,0.0,0.0,0.0,1549.4581707179116,0.0
,2007-01-07 06:00,0.0,0.0,0.0,1531.42860194706,0.0,0.0,0.0,0.0,0.0,0.0,0.0,0.0,0.0,1567.3869411826072,0.0
,2007-01-07 07:00,0.0,0.0,0.0,1482.220471150825,0.0,0.0,0.0,0.0,0.0,0.0,0.0,0.0,0.0,1522.7513572561063,0.0
,2007-01-07 08:00,0.0,0.0,0.0,1469.2524433956457,0.0,0.0,0.0,0.0,0.0,0.0,0.0,0.0,0.0,1502.2574657552118,0.0
,2007-01-07 09:00,0.0,0.0,0.0,-9999.0,0.0,0.0,0.0,0.0,0.0,0.0,0.0,0.0,0.0,-9999.0,0.0
,2007-01-07 10:00,0.0,0.0,0.0,-9999.0,0.0,0.0,0.0,0.0,0.0,0.0,0.0,0.0,0.0,-9999.0,0.0
,2007-01-07 11:00,0.0,0.0,0.0,-9999.0,0.0,0.0,0.0,0.0,0.0,0.0,0.0,0.0,0.0,-9999.0,0.0
,2007-01-07 12:00,0.0,0.0,0.0,-9999.0,0.0,0.0,0.0,0.0,0.0,0.0,0.0,0.0,0.0,-9999.0,0.0
,2007-01-07 13:00,0.0,0.0,0.0,-9999.0,0.0,0.0,0.0,0.0,0.0,0.0,0.0,0.0,0.0,-9999.0,0.0
,2007-01-07 14:00,0.0,0.0,0.0,-9999.0,0.0,0.0,0.0,0.0,0.0,0.0,0.0,0.0,0.0,-9999.0,0.0
,2007-01-07 15:00,0.0,0.0,0.0,-9999.0,0.0,0.0,0.0,0.0,0.0,0.0,0.0,0.0,0.0,-9999.0,0.0
,2007-01-07 16:00,0.0,0.0,0.0,-9999.0,0.0,0.0,0.0,0.0,0.0,0.0,0.0,0.0,0.0,-9999.0,0.0
,2007-01-07 17:00,0.0,0.0,0.0,1358.307548341798,0.0,0.0,0.0,0.0,0.0,0.0,0.0,0.0,0.0,1455.5843034304658,0.0
,2007-01-07 18:00,0.0,0.0,0.0,1348.4337115303779,0.0,0.0,0.0,0.0,0.0,0.0,0.0,0.0,0.0,1448.8647244358283,0.0
,2007-01-07 19:00,0.0,0.0,0.0,1328.5696961639171,0.0,0.0,0.0,0.0,0.0,0.0,0.0,0.0,0.0,1413.3165767253115,0.0
,2007-01-07 20:00,0.0,0.0,0.0,1291.322469086015,0.0,0.0,0.0,0.0,0.0,0.0,0.0,0.0,0.0,1356.1884079643153,0.0
,2007-01-07 21:00,0.0,0.0,0.0,1283.6583032664407,0.0,0.0,0.0,0.0,0.0,0.0,0.0,0.0,0.0,1344.3199395194256,0.0
,2007-01-07 22:00,0.0,0.0,0.0,-9999.0,0.0,0.0,0.0,0.0,0.0,0.0,0.0,0.0,0.0,-9999.0,0.0
,2007-01-07 23:00,0.0,0.0,0.0,-9999.0,0.0,0.0,0.0,0.0,0.0,0.0,0.0,0.0,0.0,-9999.0,0.0
,2007-01-08 00:00,0.0,0.0,0.0,-9999.0,0.0,0.0,0.0,0.0,0.0,0.0,0.0,0.0,0.0,-9999.0,0.0
,2007-01-08 01:00,0.0,0.0,0.0,-9999.0,0.0,0.0,0.0,0.0,0.0,0.0,0.0,0.0,0.0,-9999.0,0.0
,2007-01-08 02:00,0.0,0.0,0.0,-9999.0,0.0,0.0,0.0,0.0,0.0,0.0,0.0,0.0,0.0,-9999.0,0.0
,2007-01-08 03:00,0.0,0.0,0.0,1141.9434489251335,0.0,0.0,0.0,0.0,0.0,0.0,0.0,0.0,0.0,1214.4221185057443,0.0
,2007-01-08 04:00,0.0,0.0,0.0,1115.2326357367704,0.0,0.0,0.0,0.0,0.0,0.0,0.0,0.0,0.0,1185.1568237186284,0.0
,2007-01-08 05:00,0.0,0.0,0.0,1086.217637373955,0.0,0.0,0.0,0.0,0.0,0.0,0.0,0.0,0.0,1157.1384837280482,0.0
,2007-01-08 06:00,0.0,0.0,0.0,1077.2552534559868,0.0,0.0,0.0,0.0,0.0,0.0,0.0,0.0,0.0,1153.844044351352,0.0
,2007-01-08 07:00,0.0,0.0,0.0,1079.7010534263893,0.0,0.0,0.0,0.0,0.0,0.0,0.0,0.0,0.0,1163.799946037344,0.0
,2007-01-08 08:00,0.0,0.0,0.0,1112.1129771085832,0.0,0.0,0.0,0.0,0.0,0.0,0.0,0.0,0.0,1194.3384069361541,0.0
,2007-01-08 09:00,0.0,0.0,0.0,-9999.0,0.0,0.0,0.0,0.0,0.0,0.0,0.0,0.0,0.0,-9999.0,0.0
,2007-01-08 10:00,0.0,0.0,0.0,-9999.0,0.0,0.0,0.0,0.0,0.0,0.0,0.0,0.0,0.0,-9999.0,0.0
,2007-01-08 11:00,0.0,0.0,0.0,-9999.0,0.0,0.0,0.0,0.0,0.0,0.0,0.0,0.0,0.0,-9999.0,0.0
,2007-01-08 12:00,0.0,0.0,0.0,-9999.0,0.0,0.0,0.0,0.0,0.0,0.0,0.0,0.0,0.0,-9999.0,0.0
,2007-01-08 13:00,0.0,0.0,0.0,-9999.0,0.0,0.0,0.0,0.0,0.0,0.0,0.0,0.0,0.0,-9999.0,0.0
,2007-01-08 14:00,0.0,0.0,0.0,-9999.0,0.0,0.0,0.0,0.0,0.0,0.0,0.0,0.0,0.0,-9999.0,0.0
,2007-01-08 15:00,0.0,0.0,0.0,-9999.0,0.0,0.0,0.0,0.0,0.0,0.0,0.0,0.0,0.0,-9999.0,0.0
,2007-01-08 16:00,0.0,0.0,0.0,-9999.0,0.0,0.0,0.0,0.0,0.0,0.0,0.0,0.0,0.0,-9999.0,0.0
,2007-01-08 17:00,0.0,0.0,0.0,1190.1424112431748,0.0,0.0,0.0,0.0,0.0,0.0,0.0,0.0,0.0,1277.2264926838575,0.0
,2007-01-08 18:00,0.0,0.0,0.0,1164.3211854417339,0.0,0.0,0.0,0.0,0.0,0.0,0.0,0.0,0.0,1254.5751351000513,0.0
,2007-01-08 19:00,0.0,0.0,0.0,1127.9730280912013,0.0,0.0,0.0,0.0,0.0,0.0,0.0,0.0,0.0,1212.4719310824207,0.0
,2007-01-08 20:00,0.0,0.0,0.0,1114.0160330298052,0.0,0.0,0.0,0.0,0.0,0.0,0.0,0.0,0.0,1195.6245576989709,0.0
,2007-01-08 21:00,0.0,0.0,0.0,1112.6622928960724,0.0,0.0,0.0,0.0,0.0,0.0,0.0,0.0,0.0,1192.0729130470224,0.0
,2007-01-08 22:00,0.0,0.0,0.0,-9999.0,0.0,0.0,0.0,0.0,0.0,0.0,0.0,0.0,0.0,-9999.0,0.0
,2007-01-08 23:00,0.0,0.0,0.0,-9999.0,0.0,0.0,0.0,0.0,0.0,0.0,0.0,0.0,0.0,-9999.0,0.0
,2007-01-09 00:00,0.0,0.0,0.0,-9999.0,0.0,0.0,0.0,0.0,0.0,0.0,0.0,0.0,0.0,-9999.0,0.0
,2007-01-09 01:00,0.0,0.0,0.0,-9999.0,0.0,0.0,0.0,0.0,0.0,0.0,0.0,0.0,0.0,-9999.0,0.0
,2007-01-09 02:00,0.0,0.0,0.0,-9999.0,0.0,0.0,0.0,0.0,0.0,0.0,0.0,0.0,0.0,-9999.0,0.0
,2007-01-09 03:00,0.0,0.0,0.0,1478.1312020161208,0.0,0.0,0.0,0.0,0.0,0.0,0.0,0.0,0.0,1537.6318297516682,0.0
,2007-01-09 04:00,0.0,0.0,0.0,1531.2754562275238,0.0,0.0,0.0,0.0,0.0,0.0,0.0,0.0,0.0,1584.2337811322793,0.0
,2007-01-09 05:00,0.0,0.0,0.0,1640.394663368265,0.0,0.0,0.0,0.0,0.0,0.0,0.0,0.0,0.0,1696.1339131788152,0.0
,2007-01-09 06:00,0.0,0.0,0.0,1749.0681019442013,0.0,0.0,0.0,0.0,0.0,0.0,0.0,0.0,0.0,1787.4607069089082,0.0
,2007-01-09 07:00,0.0,0.0,0.0,1784.8998338007552,0.0,0.0,0.0,0.0,0.0,0.0,0.0,0.0,0.0,1817.7817436421603,0.0
,2007-01-09 08:00,0.0,0.0,0.0,1897.6255428744385,0.0,0.0,0.0,0.0,0.0,0.0,0.0,0.0,0.0,1922.673875831452,0.0
,2007-01-09 09:00,0.0,0.0,0.0,-9999.0,0.0,0.0,0.0,0.0,0.0,0.0,0.0,0.0,0.0,-9999.0,0.0
,2007-01-09 10:00,0.0,0.0,0.0,-9999.0,0.0,0.0,0.0,0.0,0.0,0.0,0.0,0.0,0.0,-9999.0,0.0
,2007-01-09 11:00,0.0,0.0,0.0,-9999.0,0.0,0.0,0.0,0.0,0.0,0.0,0.0,0.0,0.0,-9999.0,0.0
,2007-01-09 12:00,0.0,0.0,0.0,-9999.0,0.0,0.0,0.0,0.0,0.0,0.0,0.0,0.0,0.0,-9999.0,0.0
,2007-01-09 13:00,0.0,0.0,0.0,-9999.0,0.0,0.0,0.0,0.0,0.0,0.0,0.0,0.0,0.0,-9999.0,0.0
,2007-01-09 14:00,0.0,0.0,0.0,-9999.0,0.0,0.0,0.0,0.0,0.0,0.0,0.0,0.0,0.0,-9999.0,0.0
,2007-01-09 15:00,0.0,0.0,0.0,-9999.0,0.0,0.0,0.0,0.0,0.0,0.0,0.0,0.0,0.0,-9999.0,0.0
,2007-01-09 16:00,0.0,0.0,0.0,-9999.0,0.0,0.0,0.0,0.0,0.0,0.0,0.0,0.0,0.0,-9999.0,0.0
,2007-01-09 17:00,0.0,0.0,0.0,2731.8881330563036,0.0,0.0,0.0,0.0,0.0,0.0,0.0,0.0,0.0,2914.03162730142,0.0
,2007-01-09 18:00,0.0,0.0,0.0,2659.332810028003,0.0,0.0,0.0,0.0,0.0,0.0,0.0,0.0,0.0,2809.1238031538987,0.0
,2007-01-09 19:00,0.0,0.0,0.0,2647.7995616089324,0.0,0.0,0.0,0.0,0.0,0.0,0.0,0.0,0.0,2753.82708870551,0.0
,2007-01-09 20:00,0.0,0.0,0.0,2553.709211968153,0.0,0.0,0.0,0.0,0.0,0.0,0.0,0.0,0.0,2639.569969685818,0.0
,2007-01-09 21:00,0.0,0.0,0.0,2590.248431052509,0.0,0.0,0.0,0.0,0.0,0.0,0.0,0.0,0.0,2665.666562415528,0.0
,2007-01-09 22:00,0.0,0.0,0.0,-9999.0,0.0,0.0,0.0,0.0,0.0,0.0,0.0,0.0,0.0,-9999.0,0.0
,2007-01-09 23:00,0.0,0.0,0.0,-9999.0,0.0,0.0,0.0,0.0,0.0,0.0,0.0,0.0,0.0,-9999.0,0.0
,2007-01-10 00:00,0.0,0.0,0.0,-9999.0,0.0,0.0,0.0,0.0,0.0,0.0,0.0,0.0,0.0,-9999.0,0.0
,2007-01-10 01:00,0.0,0.0,0.0,-9999.0,0.0,0.0,0.0,0.0,0.0,0.0,0.0,0.0,0.0,-9999.0,0.0
,2007-01-10 02:00,0.0,0.0,0.0,-9999.0,0.0,0.0,0.0,0.0,0.0,0.0,0.0,0.0,0.0,-9999.0,0.0
,2007-01-10 03:00,0.0,0.0,0.0,2373.8671990351927,0.0,0.0,0.0,0.0,0.0,0.0,0.0,0.0,0.0,2370.742532567745,0.0
,2007-01-10 04:00,0.0,0.0,0.0,2499.425860651833,0.0,0.0,0.0,0.0,0.0,0.0,0.0,0.0,0.0,2485.284648311335,0.0
,2007-01-10 05:00,0.0,0.0,0.0,2389.142042486061,0.0,0.0,0.0,0.0,0.0,0.0,0.0,0.0,0.0,2365.5119502577413,0.0
,2007-01-10 06:00,0.0,0.0,0.0,2281.327523609047,0.0,0.0,0.0,0.0,0.0,0.0,0.0,0.0,0.0,2268.424856447408,0.0
,2007-01-10 07:00,0.0,0.0,0.0,2272.8257008894902,0.0,0.0,0.0,0.0,0.0,0.0,0.0,0.0,0.0,2262.0209810240067,0.0
,2007-01-10 08:00,0.0,0.0,0.0,2235.15051095575,0.0,0.0,0.0,0.0,0.0,0.0,0.0,0.0,0.0,2204.562105725986,0.0
,2007-01-10 09:00,0.0,0.0,0.0,-9999.0,0.0,0.0,0.0,0.0,0.0,0.0,0.0,0.0,0.0,-9999.0,0.0
,2007-01-10 10:00,0.0,0.0,0.0,-9999.0,0.0,0.0,0.0,0.0,0.0,0.0,0.0,0.0,0.0,-9999.0,0.0
,2007-01-10 11:00,0.0,0.0,0.0,-9999.0,0.0,0.0,0.0,0.0,0.0,0.0,0.0,0.0,0.0,-9999.0,0.0
,2007-01-10 12:00,0.0,0.0,0.0,-9999.0,0.0,0.0,0.0,0.0,0.0,0.0,0.0,0.0,0.0,-9999.0,0.0
,2007-01-10 13:00,0.0,0.0,0.0,-9999.0,0.0,0.0,0.0,0.0,0.0,0.0,0.0,0.0,0.0,-9999.0,0.0
,2007-01-10 14:00,0.0,0.0,0.0,-9999.0,0.0,0.0,0.0,0.0,0.0,0.0,0.0,0.0,0.0,-9999.0,0.0
,2007-01-10 15:00,0.0,0.0,0.0,-9999.0,0.0,0.0,0.0,0.0,0.0,0.0,0.0,0.0,0.0,-9999.0,0.0
,2007-01-10 16:00,0.0,0.0,0.0,-9999.0,0.0,0.0,0.0,0.0,0.0,0.0,0.0,0.0,0.0,-9999.0,0.0
,2007-01-10 17:00,0.0,0.0,0.0,2102.0953971837253,0.0,0.0,0.0,0.0,0.0,0.0,0.0,0.0,0.0,2120.674349448097,0.0
,2007-01-10 18:00,0.0,0.0,0.0,2004.8687507503014,0.0,0.0,0.0,0.0,0.0,0.0,0.0,0.0,0.0,2021.8736415233109,0.0
,2007-01-10 19:00,0.0,0.0,0.0,1981.2116248323873,0.0,0.0,0.0,0.0,0.0,0.0,0.0,0.0,0.0,1986.3416246502356,0.0
,2007-01-10 20:00,0.0,0.0,0.0,1863.8773016464477,0.0,0.0,0.0,0.0,0.0,0.0,0.0,0.0,0.0,1883.225246548488,0.0
,2007-01-10 21:00,0.0,0.0,0.0,1786.1492741268032,0.0,0.0,0.0,0.0,0.0,0.0,0.0,0.0,0.0,1802.3021326889702,0.0
,2007-01-10 22:00,0.0,0.0,0.0,-9999.0,0.0,0.0,0.0,0.0,0.0,0.0,0.0,0.0,0.0,-9999.0,0.0
,2007-01-10 23:00,0.0,0.0,0.0,-9999.0,0.0,0.0,0.0,0.0,0.0,0.0,0.0,0.0,0.0,-9999.0,0.0
,2007-01-11 00:00,0.0,0.0,0.0,-9999.0,0.0,0.0,0.0,0.0,0.0,0.0,0.0,0.0,0.0,-9999.0,0.0
,2007-01-11 01:00,0.0,0.0,0.0,-9999.0,0.0,0.0,0.0,0.0,0.0,0.0,0.0,0.0,0.0,-9999.0,0.0
,2007-01-11 02:00,0.0,0.0,0.0,-9999.0,0.0,0.0,0.0,0.0,0.0,0.0,0.0,0.0,0.0,-9999.0,0.0
,2007-01-11 03:00,0.0,0.0,0.0,1594.6439245929614,0.0,0.0,0.0,0.0,0.0,0.0,0.0,0.0,0.0,1682.1500504461098,0.0
,2007-01-11 04:00,0.0,0.0,0.0,1559.6460196031235,0.0,0.0,0.0,0.0,0.0,0.0,0.0,0.0,0.0,1663.8842823793682,0.0
,2007-01-11 05:00,0.0,0.0,0.0,1569.01516034197,0.0,0.0,0.0,0.0,0.0,0.0,0.0,0.0,0.0,1667.7895618063126,0.0
,2007-01-11 06:00,0.0,0.0,0.0,1534.3764224189217,0.0,0.0,0.0,0.0,0.0,0.0,0.0,0.0,0.0,1639.4060582561633,0.0
,2007-01-11 07:00,0.0,0.0,0.0,1482.3181584211081,0.0,0.0,0.0,0.0,0.0,0.0,0.0,0.0,0.0,1589.7083897486432,0.0
,2007-01-11 08:00,0.0,0.0,0.0,1498.7229529076137,0.0,0.0,0.0,0.0,0.0,0.0,0.0,0.0,0.0,1618.972791344527,0.0
,2007-01-11 09:00,0.0,0.0,0.0,-9999.0,0.0,0.0,0.0,0.0,0.0,0.0,0.0,0.0,0.0,-9999.0,0.0
,2007-01-11 10:00,0.0,0.0,0.0,-9999.0,0.0,0.0,0.0,0.0,0.0,0.0,0.0,0.0,0.0,-9999.0,0.0
,2007-01-11 11:00,0.0,0.0,0.0,-9999.0,0.0,0.0,0.0,0.0,0.0,0.0,0.0,0.0,0.0,-9999.0,0.0
,2007-01-11 12:00,0.0,0.0,0.0,-9999.0,0.0,0.0,0.0,0.0,0.0,0.0,0.0,0.0,0.0,-9999.0,0.0
,2007-01-11 13:00,0.0,0.0,0.0,-9999.0,0.0,0.0,0.0,0.0,0.0,0.0,0.0,0.0,0.0,-9999.0,0.0
,2007-01-11 14:00,0.0,0.0,0.0,-9999.0,0.0,0.0,0.0,0.0,0.0,0.0,0.0,0.0,0.0,-9999.0,0.0
,2007-01-11 15:00,0.0,0.0,0.0,-9999.0,0.0,0.0,0.0,0.0,0.0,0.0,0.0,0.0,0.0,-9999.0,0.0
,2007-01-11 16:00,0.0,0.0,0.0,-9999.0,0.0,0.0,0.0,0.0,0.0,0.0,0.0,0.0,0.0,-9999.0,0.0
,2007-01-11 17:00,0.0,0.0,0.0,2471.3862460422474,0.0,0.0,0.0,0.0,0.0,0.0,0.0,0.0,0.0,2499.5083376077464,0.0
,2007-01-11 18:00,0.0,0.0,0.0,2528.79410820223,0.0,0.0,0.0,0.0,0.0,0.0,0.0,0.0,0.0,2525.372045121962,0.0
,2007-01-11 19:00,0.0,0.0,0.0,2519.48797333629,0.0,0.0,0.0,0.0,0.0,0.0,0.0,0.0,0.0,2495.6416179808393,0.0
,2007-01-11 20:00,0.0,0.0,0.0,2405.395167382963,0.0,0.0,0.0,0.0,0.0,0.0,0.0,0.0,0.0,2376.992568142121,0.0
,2007-01-11 21:00,0.0,0.0,0.0,2293.6050578274057,0.0,0.0,0.0,0.0,0.0,0.0,0.0,0.0,0.0,2281.4387135331212,0.0
,2007-01-11 22:00,0.0,0.0,0.0,-9999.0,0.0,0.0,0.0,0.0,0.0,0.0,0.0,0.0,0.0,-9999.0,0.0
,2007-01-11 23:00,0.0,0.0,0.0,-9999.0,0.0,0.0,0.0,0.0,0.0,0.0,0.0,0.0,0.0,-9999.0,0.0
,2007-01-12 00:00,0.0,0.0,0.0,-9999.0,0.0,0.0,0.0,0.0,0.0,0.0,0.0,0.0,0.0,-9999.0,0.0
,2007-01-12 01:00,0.0,0.0,0.0,-9999.0,0.0,0.0,0.0,0.0,0.0,0.0,0.0,0.0,0.0,-9999.0,0.0
,2007-01-12 02:00,0.0,0.0,0.0,-9999.0,0.0,0.0,0.0,0.0,0.0,0.0,0.0,0.0,0.0,-9999.0,0.0
,2007-01-12 03:00,0.0,0.0,0.0,1863.3682901047343,0.0,0.0,0.0,0.0,0.0,0.0,0.0,0.0,0.0,1960.8234076830036,0.0
,2007-01-12 04:00,0.0,0.0,0.0,1822.656563702317,0.0,0.0,0.0,0.0,0.0,0.0,0.0,0.0,0.0,1945.6202341103576,0.0
,2007-01-12 05:00,0.0,0.0,0.0,1800.8052551242486,0.0,0.0,0.0,0.0,0.0,0.0,0.0,0.0,0.0,1993.8590854130578,0.0
,2007-01-12 06:00,0.0,0.0,0.0,1786.425102024927,0.0,0.0,0.0,0.0,0.0,0.0,0.0,0.0,0.0,2025.3384527107405,0.0
,2007-01-12 07:00,0.0,0.0,0.0,1739.836474202183,0.0,0.0,0.0,0.0,0.0,0.0,0.0,0.0,0.0,1974.3171064027952,0.0
,2007-01-12 08:00,0.0,0.0,0.0,1663.3753093214261,0.0,0.0,0.0,0.0,0.0,0.0,0.0,0.0,0.0,1902.2617348212623,0.0
,2007-01-12 09:00,0.0,0.0,0.0,-9999.0,0.0,0.0,0.0,0.0,0.0,0.0,0.0,0.0,0.0,-9999.0,0.0
,2007-01-12 10:00,0.0,0.0,0.0,-9999.0,0.0,0.0,0.0,0.0,0.0,0.0,0.0,0.0,0.0,-9999.0,0.0
,2007-01-12 11:00,0.0,0.0,0.0,-9999.0,0.0,0.0,0.0,0.0,0.0,0.0,0.0,0.0,0.0,-9999.0,0.0
,2007-01-12 12:00,0.0,0.0,0.0,-9999.0,0.0,0.0,0.0,0.0,0.0,0.0,0.0,0.0,0.0,-9999.0,0.0
,2007-01-12 13:00,0.0,0.0,0.0,-9999.0,0.0,0.0,0.0,0.0,0.0,0.0,0.0,0.0,0.0,-9999.0,0.0
,2007-01-12 14:00,0.0,0.0,0.0,-9999.0,0.0,0.0,0.0,0.0,0.0,0.0,0.0,0.0,0.0,-9999.0,0.0
,2007-01-12 15:00,0.0,0.0,0.0,-9999.0,0.0,0.0,0.0,0.0,0.0,0.0,0.0,0.0,0.0,-9999.0,0.0
,2007-01-12 16:00,0.0,0.0,0.0,-9999.0,0.0,0.0,0.0,0.0,0.0,0.0,0.0,0.0,0.0,-9999.0,0.0
,2007-01-12 17:00,0.0,0.0,0.0,2478.9616303072626,0.0,0.0,0.0,0.0,0.0,0.0,0.0,0.0,0.0,2833.3800655883674,0.0
,2007-01-12 18:00,0.0,0.0,0.0,2447.46705122359,0.0,0.0,0.0,0.0,0.0,0.0,0.0,0.0,0.0,2650.185326330138,0.0
,2007-01-12 19:00,0.0,0.0,0.0,2463.2409103080317,0.0,0.0,0.0,0.0,0.0,0.0,0.0,0.0,0.0,2624.486143539326,0.0
,2007-01-12 20:00,0.0,0.0,0.0,2528.7172986382657,0.0,0.0,0.0,0.0,0.0,0.0,0.0,0.0,0.0,2631.0873990591376,0.0
,2007-01-12 21:00,0.0,0.0,0.0,2528.281734174955,0.0,0.0,0.0,0.0,0.0,0.0,0.0,0.0,0.0,2602.023490081734,0.0
,2007-01-12 22:00,0.0,0.0,0.0,-9999.0,0.0,0.0,0.0,0.0,0.0,0.0,0.0,0.0,0.0,-9999.0,0.0
,2007-01-12 23:00,0.0,0.0,0.0,-9999.0,0.0,0.0,0.0,0.0,0.0,0.0,0.0,0.0,0.0,-9999.0,0.0
,2007-01-13 00:00,0.0,0.0,0.0,-9999.0,0.0,0.0,0.0,0.0,0.0,0.0,0.0,0.0,0.0,-9999.0,0.0
,2007-01-13 01:00,0.0,0.0,0.0,-9999.0,0.0,0.0,0.0,0.0,0.0,0.0,0.0,0.0,0.0,-9999.0,0.0
,2007-01-13 02:00,0.0,0.0,0.0,-9999.0,0.0,0.0,0.0,0.0,0.0,0.0,0.0,0.0,0.0,-9999.0,0.0
,2007-01-13 03:00,0.0,0.0,0.0,2718.5060689292263,0.0,0.0,0.0,0.0,0.0,0.0,0.0,0.0,0.0,2807.2886585557303,0.0
,2007-01-13 04:00,0.0,0.0,0.0,2848.5194047448977,0.0,0.0,0.0,0.0,0.0,0.0,0.0,0.0,0.0,2932.491565875314,0.0
,2007-01-13 05:00,0.0,0.0,0.0,2971.280287982662,0.0,0.0,0.0,0.0,0.0,0.0,0.0,0.0,0.0,3033.2542301263197,0.0
,2007-01-13 06:00,0.0,0.0,0.0,3333.272183250329,0.0,0.0,0.0,0.0,0.0,0.0,0.0,0.0,0.0,3462.5316973533045,0.0
,2007-01-13 07:00,0.0,0.0,0.0,3265.1692350074663,0.0,0.0,0.0,0.0,0.0,0.0,0.0,0.0,0.0,3341.6777161877326,0.0
,2007-01-13 08:00,0.0,0.0,0.0,3137.309693436601,0.0,0.0,0.0,0.0,0.0,0.0,0.0,0.0,0.0,3185.0824707965326,0.0
,2007-01-13 09:00,0.0,0.0,0.0,-9999.0,0.0,0.0,0.0,0.0,0.0,0.0,0.0,0.0,0.0,-9999.0,0.0
,2007-01-13 10:00,0.0,0.0,0.0,-9999.0,0.0,0.0,0.0,0.0,0.0,0.0,0.0,0.0,0.0,-9999.0,0.0
,2007-01-13 11:00,0.0,0.0,0.0,-9999.0,0.0,0.0,0.0,0.0,0.0,0.0,0.0,0.0,0.0,-9999.0,0.0
,2007-01-13 12:00,0.0,0.0,0.0,-9999.0,0.0,0.0,0.0,0.0,0.0,0.0,0.0,0.0,0.0,-9999.0,0.0
,2007-01-13 13:00,0.0,0.0,0.0,-9999.0,0.0,0.0,0.0,0.0,0.0,0.0,0.0,0.0,0.0,-9999.0,0.0
,2007-01-13 14:00,0.0,0.0,0.0,-9999.0,0.0,0.0,0.0,0.0,0.0,0.0,0.0,0.0,0.0,-9999.0,0.0
,2007-01-13 15:00,0.0,0.0,0.0,-9999.0,0.0,0.0,0.0,0.0,0.0,0.0,0.0,0.0,0.0,-9999.0,0.0
,2007-01-13 16:00,0.0,0.0,0.0,-9999.0,0.0,0.0,0.0,0.0,0.0,0.0,0.0,0.0,0.0,-9999.0,0.0
,2007-01-13 17:00,0.0,0.0,0.0,3588.296890508062,0.0,0.0,0.0,0.0,0.0,0.0,0.0,0.0,0.0,3850.8151869218627,0.0
,2007-01-13 18:00,0.0,0.0,0.0,3504.112723280079,0.0,0.0,0.0,0.0,0.0,0.0,0.0,0.0,0.0,3627.6221142418335,0.0
,2007-01-13 19:00,0.0,0.0,0.0,3460.7369405390095,0.0,0.0,0.0,0.0,0.0,0.0,0.0,0.0,0.0,3551.3205071977113,0.0
,2007-01-13 20:00,0.0,0.0,0.0,3469.211041495839,0.0,0.0,0.0,0.0,0.0,0.0,0.0,0.0,0.0,3491.8303685524747,0.0
,2007-01-13 21:00,0.0,0.0,0.0,3521.589279018704,0.0,0.0,0.0,0.0,0.0,0.0,0.0,0.0,0.0,3521.4714418805506,0.0
,2007-01-13 22:00,0.0,0.0,0.0,-9999.0,0.0,0.0,0.0,0.0,0.0,0.0,0.0,0.0,0.0,-9999.0,0.0
,2007-01-13 23:00,0.0,0.0,0.0,-9999.0,0.0,0.0,0.0,0.0,0.0,0.0,0.0,0.0,0.0,-9999.0,0.0
,2007-01-14 00:00,0.0,0.0,0.0,-9999.0,0.0,0.0,0.0,0.0,0.0,0.0,0.0,0.0,0.0,-9999.0,0.0
,2007-01-14 01:00,0.0,0.0,0.0,-9999.0,0.0,0.0,0.0,0.0,0.0,0.0,0.0,0.0,0.0,-9999.0,0.0
,2007-01-14 02:00,0.0,0.0,0.0,-9999.0,0.0,0.0,0.0,0.0,0.0,0.0,0.0,0.0,0.0,-9999.0,0.0
,2007-01-14 03:00,0.0,0.0,0.0,2865.2215217014254,0.0,0.0,0.0,0.0,0.0,0.0,0.0,0.0,0.0,2840.9111221020257,0.0
,2007-01-14 04:00,0.0,0.0,0.0,2861.234259877758,0.0,0.0,0.0,0.0,0.0,0.0,0.0,0.0,0.0,2831.5086482898046,0.0
,2007-01-14 05:00,0.0,0.0,0.0,3034.9155742566145,0.0,0.0,0.0,0.0,0.0,0.0,0.0,0.0,0.0,3017.7071690067955,0.0
,2007-01-14 06:00,0.0,0.0,0.0,3191.218244076061,0.0,0.0,0.0,0.0,0.0,0.0,0.0,0.0,0.0,3206.714937479535,0.0
,2007-01-14 07:00,0.0,0.0,0.0,2977.4145088834707,0.0,0.0,0.0,0.0,0.0,0.0,0.0,0.0,0.0,3047.6833172926986,0.0
,2007-01-14 08:00,0.0,0.0,0.0,2688.3862574370814,0.0,0.0,0.0,0.0,0.0,0.0,0.0,0.0,0.0,2847.782851377367,0.0
,2007-01-14 09:00,0.0,0.0,0.0,-9999.0,0.0,0.0,0.0,0.0,0.0,0.0,0.0,0.0,0.0,-9999.0,0.0
,2007-01-14 10:00,0.0,0.0,0.0,-9999.0,0.0,0.0,0.0,0.0,0.0,0.0,0.0,0.0,0.0,-9999.0,0.0
,2007-01-14 11:00,0.0,0.0,0.0,-9999.0,0.0,0.0,0.0,0.0,0.0,0.0,0.0,0.0,0.0,-9999.0,0.0
,2007-01-14 12:00,0.0,0.0,0.0,-9999.0,0.0,0.0,0.0,0.0,0.0,0.0,0.0,0.0,0.0,-9999.0,0.0
,2007-01-14 13:00,0.0,0.0,0.0,-9999.0,0.0,0.0,0.0,0.0,0.0,0.0,0.0,0.0,0.0,-9999.0,0.0
,2007-01-14 14:00,0.0,0.0,0.0,-9999.0,0.0,0.0,0.0,0.0,0.0,0.0,0.0,0.0,0.0,-9999.0,0.0
,2007-01-14 15:00,0.0,0.0,0.0,-9999.0,0.0,0.0,0.0,0.0,0.0,0.0,0.0,0.0,0.0,-9999.0,0.0
,2007-01-14 16:00,0.0,0.0,0.0,-9999.0,0.0,0.0,0.0,0.0,0.0,0.0,0.0,0.0,0.0,-9999.0,0.0
,2007-01-14 17:00,0.0,0.0,0.0,2035.8146687127967,0.0,0.0,0.0,0.0,0.0,0.0,0.0,0.0,0.0,2275.28327672607,0.0
,2007-01-14 18:00,0.0,0.0,0.0,1815.5966290920292,0.0,0.0,0.0,0.0,0.0,0.0,0.0,0.0,0.0,1999.7729713591316,0.0
,2007-01-14 19:00,0.0,0.0,0.0,1773.0850870803624,0.0,0.0,0.0,0.0,0.0,0.0,0.0,0.0,0.0,1938.8209102948015,0.0
,2007-01-14 20:00,0.0,0.0,0.0,1760.4008500636558,0.0,0.0,0.0,0.0,0.0,0.0,0.0,0.0,0.0,1893.2657886770905,0.0
,2007-01-14 21:00,0.0,0.0,0.0,1799.9322924139378,0.0,0.0,0.0,0.0,0.0,0.0,0.0,0.0,0.0,1909.5480923482435,0.0
,2007-01-14 22:00,0.0,0.0,0.0,-9999.0,0.0,0.0,0.0,0.0,0.0,0.0,0.0,0.0,0.0,-9999.0,0.0
,2007-01-14 23:00,0.0,0.0,0.0,-9999.0,0.0,0.0,0.0,0.0,0.0,0.0,0.0,0.0,0.0,-9999.0,0.0
,2007-01-15 00:00,0.0,0.0,0.0,-9999.0,0.0,0.0,0.0,0.0,0.0,0.0,0.0,0.0,0.0,-9999.0,0.0
,2007-01-15 01:00,0.0,0.0,0.0,-9999.0,0.0,0.0,0.0,0.0,0.0,0.0,0.0,0.0,0.0,-9999.0,0.0
,2007-01-15 02:00,0.0,0.0,0.0,-9999.0,0.0,0.0,0.0,0.0,0.0,0.0,0.0,0.0,0.0,-9999.0,0.0
,2007-01-15 03:00,0.0,0.0,0.0,1538.6891282193424,0.0,0.0,0.0,0.0,0.0,0.0,0.0,0.0,0.0,1618.7215776940693,0.0
,2007-01-15 04:00,0.0,0.0,0.0,1543.8056972102772,0.0,0.0,0.0,0.0,0.0,0.0,0.0,0.0,0.0,1613.3729592378943,0.0
,2007-01-15 05:00,0.0,0.0,0.0,1487.236665095384,0.0,0.0,0.0,0.0,0.0,0.0,0.0,0.0,0.0,1557.3327865370447,0.0
,2007-01-15 06:00,0.0,0.0,0.0,1460.2923694530166,0.0,0.0,0.0,0.0,0.0,0.0,0.0,0.0,0.0,1524.431056047762,0.0
,2007-01-15 07:00,0.0,0.0,0.0,1464.4488798290124,0.0,0.0,0.0,0.0,0.0,0.0,0.0,0.0,0.0,1517.283881454663,0.0
,2007-01-15 08:00,0.0,0.0,0.0,1590.0893194218188,0.0,0.0,0.0,0.0,0.0,0.0,0.0,0.0,0.0,1632.201587515638,0.0
,2007-01-15 09:00,0.0,0.0,0.0,-9999.0,0.0,0.0,0.0,0.0,0.0,0.0,0.0,0.0,0.0,-9999.0,0.0
,2007-01-15 10:00,0.0,0.0,0.0,-9999.0,0.0,0.0,0.0,0.0,0.0,0.0,0.0,0.0,0.0,-9999.0,0.0
,2007-01-15 11:00,0.0,0.0,0.0,-9999.0,0.0,0.0,0.0,0.0,0.0,0.0,0.0,0.0,0.0,-9999.0,0.0
,2007-01-15 12:00,0.0,0.0,0.0,-9999.0,0.0,0.0,0.0,0.0,0.0,0.0,0.0,0.0,0.0,-9999.0,0.0
,2007-01-15 13:00,0.0,0.0,0.0,-9999.0,0.0,0.0,0.0,0.0,0.0,0.0,0.0,0.0,0.0,-9999.0,0.0
,2007-01-15 14:00,0.0,0.0,0.0,-9999.0,0.0,0.0,0.0,0.0,0.0,0.0,0.0,0.0,0.0,-9999.0,0.0
,2007-01-15 15:00,0.0,0.0,0.0,-9999.0,0.0,0.0,0.0,0.0,0.0,0.0,0.0,0.0,0.0,-9999.0,0.0
,2007-01-15 16:00,0.0,0.0,0.0,-9999.0,0.0,0.0,0.0,0.0,0.0,0.0,0.0,0.0,0.0,-9999.0,0.0
,2007-01-15 17:00,0.0,0.0,0.0,1771.628061828364,0.0,0.0,0.0,0.0,0.0,0.0,0.0,0.0,0.0,1837.7586188245634,0.0
,2007-01-15 18:00,0.0,0.0,0.0,1790.8878006260447,0.0,0.0,0.0,0.0,0.0,0.0,0.0,0.0,0.0,1861.0432242351317,0.0
,2007-01-15 19:00,0.0,0.0,0.0,1712.4214630582835,0.0,0.0,0.0,0.0,0.0,0.0,0.0,0.0,0.0,1760.0352588223845,0.0
,2007-01-15 20:00,0.0,0.0,0.0,1708.9279018051886,0.0,0.0,0.0,0.0,0.0,0.0,0.0,0.0,0.0,1740.8291972400991,0.0
,2007-01-15 21:00,0.0,0.0,0.0,1714.1679333074383,0.0,0.0,0.0,0.0,0.0,0.0,0.0,0.0,0.0,1752.0583638121602,0.0
,2007-01-15 22:00,0.0,0.0,0.0,-9999.0,0.0,0.0,0.0,0.0,0.0,0.0,0.0,0.0,0.0,-9999.0,0.0
,2007-01-15 23:00,0.0,0.0,0.0,-9999.0,0.0,0.0,0.0,0.0,0.0,0.0,0.0,0.0,0.0,-9999.0,0.0
,2007-01-16 00:00,0.0,0.0,0.0,-9999.0,0.0,0.0,0.0,0.0,0.0,0.0,0.0,0.0,0.0,-9999.0,0.0
,2007-01-16 01:00,0.0,0.0,0.0,-9999.0,0.0,0.0,0.0,0.0,0.0,0.0,0.0,0.0,0.0,-9999.0,0.0
,2007-01-16 02:00,0.0,0.0,0.0,-9999.0,0.0,0.0,0.0,0.0,0.0,0.0,0.0,0.0,0.0,-9999.0,0.0
,2007-01-16 03:00,0.0,0.0,0.0,1861.8935552268958,0.0,0.0,0.0,0.0,0.0,0.0,0.0,0.0,0.0,1858.2724496002002,0.0
,2007-01-16 04:00,0.0,0.0,0.0,1859.4551629351038,0.0,0.0,0.0,0.0,0.0,0.0,0.0,0.0,0.0,1829.3041024798174,0.0
,2007-01-16 05:00,0.0,0.0,0.0,1872.7924231114534,0.0,0.0,0.0,0.0,0.0,0.0,0.0,0.0,0.0,1842.0183521882755,0.0
,2007-01-16 06:00,0.0,0.0,0.0,1867.4820450382506,0.0,0.0,0.0,0.0,0.0,0.0,0.0,0.0,0.0,1836.8917791783292,0.0
,2007-01-16 07:00,0.0,0.0,0.0,1947.6259968045351,0.0,0.0,0.0,0.0,0.0,0.0,0.0,0.0,0.0,1908.42809481933,0.0
,2007-01-16 08:00,0.0,0.0,0.0,1976.7098701322946,0.0,0.0,0.0,0.0,0.0,0.0,0.0,0.0,0.0,1915.7480248478353,0.0
,2007-01-16 09:00,0.0,0.0,0.0,-9999.0,0.0,0.0,0.0,0.0,0.0,0.0,0.0,0.0,0.0,-9999.0,0.0
,2007-01-16 10:00,0.0,0.0,0.0,-9999.0,0.0,0.0,0.0,0.0,0.0,0.0,0.0,0.0,0.0,-9999.0,0.0
,2007-01-16 11:00,0.0,0.0,0.0,-9999.0,0.0,0.0,0.0,0.0,0.0,0.0,0.0,0.0,0.0,-9999.0,0.0
,2007-01-16 12:00,0.0,0.0,0.0,-9999.0,0.0,0.0,0.0,0.0,0.0,0.0,0.0,0.0,0.0,-9999.0,0.0
,2007-01-16 13:00,0.0,0.0,0.0,-9999.0,0.0,0.0,0.0,0.0,0.0,0.0,0.0,0.0,0.0,-9999.0,0.0
,2007-01-16 14:00,0.0,0.0,0.0,-9999.0,0.0,0.0,0.0,0.0,0.0,0.0,0.0,0.0,0.0,-9999.0,0.0
,2007-01-16 15:00,0.0,0.0,0.0,-9999.0,0.0,0.0,0.0,0.0,0.0,0.0,0.0,0.0,0.0,-9999.0,0.0
,2007-01-16 16:00,0.0,0.0,0.0,-9999.0,0.0,0.0,0.0,0.0,0.0,0.0,0.0,0.0,0.0,-9999.0,0.0
,2007-01-16 17:00,0.0,0.0,0.0,1911.0415592203112,0.0,0.0,0.0,0.0,0.0,0.0,0.0,0.0,0.0,1967.22991754942,0.0
,2007-01-16 18:00,0.0,0.0,0.0,1864.0556325252476,0.0,0.0,0.0,0.0,0.0,0.0,0.0,0.0,0.0,1905.5062076814881,0.0
,2007-01-16 19:00,0.0,0.0,0.0,1759.6345909181898,0.0,0.0,0.0,0.0,0.0,0.0,0.0,0.0,0.0,1781.612135731173,0.0
,2007-01-16 20:00,0.0,0.0,0.0,1649.1931339472558,0.0,0.0,0.0,0.0,0.0,0.0,0.0,0.0,0.0,1671.870414304897,0.0
,2007-01-16 21:00,0.0,0.0,0.0,1609.939672683328,0.0,0.0,0.0,0.0,0.0,0.0,0.0,0.0,0.0,1631.396763776039,0.0
,2007-01-16 22:00,0.0,0.0,0.0,-9999.0,0.0,0.0,0.0,0.0,0.0,0.0,0.0,0.0,0.0,-9999.0,0.0
,2007-01-16 23:00,0.0,0.0,0.0,-9999.0,0.0,0.0,0.0,0.0,0.0,0.0,0.0,0.0,0.0,-9999.0,0.0
,2007-01-17 00:00,0.0,0.0,0.0,-9999.0,0.0,0.0,0.0,0.0,0.0,0.0,0.0,0.0,0.0,-9999.0,0.0
,2007-01-17 01:00,0.0,0.0,0.0,-9999.0,0.0,0.0,0.0,0.0,0.0,0.0,0.0,0.0,0.0,-9999.0,0.0
,2007-01-17 02:00,0.0,0.0,0.0,-9999.0,0.0,0.0,0.0,0.0,0.0,0.0,0.0,0.0,0.0,-9999.0,0.0
,2007-01-17 03:00,0.0,0.0,0.0,1389.8438921088807,0.0,0.0,0.0,0.0,0.0,0.0,0.0,0.0,0.0,1477.5745844505545,0.0
,2007-01-17 04:00,0.0,0.0,0.0,1341.242303758372,0.0,0.0,0.0,0.0,0.0,0.0,0.0,0.0,0.0,1413.1564685958879,0.0
,2007-01-17 05:00,0.0,0.0,0.0,1312.6394480320168,0.0,0.0,0.0,0.0,0.0,0.0,0.0,0.0,0.0,1385.3057741395107,0.0
,2007-01-17 06:00,0.0,0.0,0.0,1319.0357415452381,0.0,0.0,0.0,0.0,0.0,0.0,0.0,0.0,0.0,1392.0731296772078,0.0
,2007-01-17 07:00,0.0,0.0,0.0,1316.0317570519217,0.0,0.0,0.0,0.0,0.0,0.0,0.0,0.0,0.0,1388.8339554052016,0.0
,2007-01-17 08:00,0.0,0.0,0.0,1365.4200446689572,0.0,0.0,0.0,0.0,0.0,0.0,0.0,0.0,0.0,1427.7665851542088,0.0
,2007-01-17 09:00,0.0,0.0,0.0,-9999.0,0.0,0.0,0.0,0.0,0.0,0.0,0.0,0.0,0.0,-9999.0,0.0
,2007-01-17 10:00,0.0,0.0,0.0,-9999.0,0.0,0.0,0.0,0.0,0.0,0.0,0.0,0.0,0.0,-9999.0,0.0
,2007-01-17 11:00,0.0,0.0,0.0,-9999.0,0.0,0.0,0.0,0.0,0.0,0.0,0.0,0.0,0.0,-9999.0,0.0
,2007-01-17 12:00,0.0,0.0,0.0,-9999.0,0.0,0.0,0.0,0.0,0.0,0.0,0.0,0.0,0.0,-9999.0,0.0
,2007-01-17 13:00,0.0,0.0,0.0,-9999.0,0.0,0.0,0.0,0.0,0.0,0.0,0.0,0.0,0.0,-9999.0,0.0
,2007-01-17 14:00,0.0,0.0,0.0,-9999.0,0.0,0.0,0.0,0.0,0.0,0.0,0.0,0.0,0.0,-9999.0,0.0
,2007-01-17 15:00,0.0,0.0,0.0,-9999.0,0.0,0.0,0.0,0.0,0.0,0.0,0.0,0.0,0.0,-9999.0,0.0
,2007-01-17 16:00,0.0,0.0,0.0,-9999.0,0.0,0.0,0.0,0.0,0.0,0.0,0.0,0.0,0.0,-9999.0,0.0
,2007-01-17 17:00,0.0,0.0,0.0,1223.190656967904,0.0,0.0,0.0,0.0,0.0,0.0,0.0,0.0,0.0,1288.071325853796,0.0
,2007-01-17 18:00,0.0,0.0,0.0,1207.2976091891765,0.0,0.0,0.0,0.0,0.0,0.0,0.0,0.0,0.0,1272.2492000751304,0.0
,2007-01-17 19:00,0.0,0.0,0.0,1181.3380295404688,0.0,0.0,0.0,0.0,0.0,0.0,0.0,0.0,0.0,1242.7683333404452,0.0
,2007-01-17 20:00,0.0,0.0,0.0,1210.5358345829152,0.0,0.0,0.0,0.0,0.0,0.0,0.0,0.0,0.0,1256.0381401948255,0.0
,2007-01-17 21:00,0.0,0.0,0.0,1181.2207229143135,0.0,0.0,0.0,0.0,0.0,0.0,0.0,0.0,0.0,1229.5447691072745,0.0
,2007-01-17 22:00,0.0,0.0,0.0,-9999.0,0.0,0.0,0.0,0.0,0.0,0.0,0.0,0.0,0.0,-9999.0,0.0
,2007-01-17 23:00,0.0,0.0,0.0,-9999.0,0.0,0.0,0.0,0.0,0.0,0.0,0.0,0.0,0.0,-9999.0,0.0
,2007-01-18 00:00,0.0,0.0,0.0,-9999.0,0.0,0.0,0.0,0.0,0.0,0.0,0.0,0.0,0.0,-9999.0,0.0
,2007-01-18 01:00,0.0,0.0,0.0,-9999.0,0.0,0.0,0.0,0.0,0.0,0.0,0.0,0.0,0.0,-9999.0,0.0
,2007-01-18 02:00,0.0,0.0,0.0,-9999.0,0.0,0.0,0.0,0.0,0.0,0.0,0.0,0.0,0.0,-9999.0,0.0
,2007-01-18 03:00,0.0,0.0,0.0,1232.3343882395977,0.0,0.0,0.0,0.0,0.0,0.0,0.0,0.0,0.0,1252.0717291575236,0.0
,2007-01-18 04:00,0.0,0.0,0.0,1303.9023394940164,0.0,0.0,0.0,0.0,0.0,0.0,0.0,0.0,0.0,1319.9958637496632,0.0
,2007-01-18 05:00,0.0,0.0,0.0,1317.3706663879764,0.0,0.0,0.0,0.0,0.0,0.0,0.0,0.0,0.0,1321.8656388453896,0.0
,2007-01-18 06:00,0.0,0.0,0.0,1360.161064779669,0.0,0.0,0.0,0.0,0.0,0.0,0.0,0.0,0.0,1357.6751606503296,0.0
,2007-01-18 07:00,0.0,0.0,0.0,1360.2003097964503,0.0,0.0,0.0,0.0,0.0,0.0,0.0,0.0,0.0,1359.8818928694895,0.0
,2007-01-18 08:00,0.0,0.0,0.0,1436.6880006777974,0.0,0.0,0.0,0.0,0.0,0.0,0.0,0.0,0.0,1401.0110470135692,0.0
,2007-01-18 09:00,0.0,0.0,0.0,-9999.0,0.0,0.0,0.0,0.0,0.0,0.0,0.0,0.0,0.0,-9999.0,0.0
,2007-01-18 10:00,0.0,0.0,0.0,-9999.0,0.0,0.0,0.0,0.0,0.0,0.0,0.0,0.0,0.0,-9999.0,0.0
,2007-01-18 11:00,0.0,0.0,0.0,-9999.0,0.0,0.0,0.0,0.0,0.0,0.0,0.0,0.0,0.0,-9999.0,0.0
,2007-01-18 12:00,0.0,0.0,0.0,-9999.0,0.0,0.0,0.0,0.0,0.0,0.0,0.0,0.0,0.0,-9999.0,0.0
,2007-01-18 13:00,0.0,0.0,0.0,-9999.0,0.0,0.0,0.0,0.0,0.0,0.0,0.0,0.0,0.0,-9999.0,0.0
,2007-01-18 14:00,0.0,0.0,0.0,-9999.0,0.0,0.0,0.0,0.0,0.0,0.0,0.0,0.0,0.0,-9999.0,0.0
,2007-01-18 15:00,0.0,0.0,0.0,-9999.0,0.0,0.0,0.0,0.0,0.0,0.0,0.0,0.0,0.0,-9999.0,0.0
,2007-01-18 16:00,0.0,0.0,0.0,-9999.0,0.0,0.0,0.0,0.0,0.0,0.0,0.0,0.0,0.0,-9999.0,0.0
,2007-01-18 17:00,0.0,0.0,0.0,1641.1238309291182,0.0,0.0,0.0,0.0,0.0,0.0,0.0,0.0,0.0,1712.704516737268,0.0
,2007-01-18 18:00,0.0,0.0,0.0,1651.8167889662304,0.0,0.0,0.0,0.0,0.0,0.0,0.0,0.0,0.0,1717.0669982727056,0.0
,2007-01-18 19:00,0.0,0.0,0.0,1897.08077056578,0.0,0.0,0.0,0.0,0.0,0.0,0.0,0.0,0.0,1935.6335651975553,0.0
,2007-01-18 20:00,0.0,0.0,0.0,2289.2295004658727,0.0,0.0,0.0,0.0,0.0,0.0,0.0,0.0,0.0,2226.8558874429295,0.0
,2007-01-18 21:00,0.0,0.0,0.0,2525.4858885190242,0.0,0.0,0.0,0.0,0.0,0.0,0.0,0.0,0.0,2403.0598827279077,0.0
,2007-01-18 22:00,0.0,0.0,0.0,-9999.0,0.0,0.0,0.0,0.0,0.0,0.0,0.0,0.0,0.0,-9999.0,0.0
,2007-01-18 23:00,0.0,0.0,0.0,-9999.0,0.0,0.0,0.0,0.0,0.0,0.0,0.0,0.0,0.0,-9999.0,0.0
,2007-01-19 00:00,0.0,0.0,0.0,-9999.0,0.0,0.0,0.0,0.0,0.0,0.0,0.0,0.0,0.0,-9999.0,0.0
,2007-01-19 01:00,0.0,0.0,0.0,-9999.0,0.0,0.0,0.0,0.0,0.0,0.0,0.0,0.0,0.0,-9999.0,0.0
,2007-01-19 02:00,0.0,0.0,0.0,-9999.0,0.0,0.0,0.0,0.0,0.0,0.0,0.0,0.0,0.0,-9999.0,0.0
,2007-01-19 03:00,0.0,0.0,0.0,2433.594661215349,0.0,0.0,0.0,0.0,0.0,0.0,0.0,0.0,0.0,2498.702429362578,0.0
,2007-01-19 04:00,0.0,0.0,0.0,2606.7138446490603,0.0,0.0,0.0,0.0,0.0,0.0,0.0,0.0,0.0,2687.36024750006,0.0
,2007-01-19 05:00,0.0,0.0,0.0,2650.605616152064,0.0,0.0,0.0,0.0,0.0,0.0,0.0,0.0,0.0,2749.5846151473766,0.0
,2007-01-19 06:00,0.0,0.0,0.0,2712.4148210219496,0.0,0.0,0.0,0.0,0.0,0.0,0.0,0.0,0.0,2840.7001953068498,0.0
,2007-01-19 07:00,0.0,0.0,0.0,2622.283324330989,0.0,0.0,0.0,0.0,0.0,0.0,0.0,0.0,0.0,2762.1394325061883,0.0
,2007-01-19 08:00,0.0,0.0,0.0,2640.5494388504553,0.0,0.0,0.0,0.0,0.0,0.0,0.0,0.0,0.0,2728.311444483876,0.0
,2007-01-19 09:00,0.0,0.0,0.0,-9999.0,0.0,0.0,0.0,0.0,0.0,0.0,0.0,0.0,0.0,-9999.0,0.0
,2007-01-19 10:00,0.0,0.0,0.0,-9999.0,0.0,0.0,0.0,0.0,0.0,0.0,0.0,0.0,0.0,-9999.0,0.0
,2007-01-19 11:00,0.0,0.0,0.0,-9999.0,0.0,0.0,0.0,0.0,0.0,0.0,0.0,0.0,0.0,-9999.0,0.0
,2007-01-19 12:00,0.0,0.0,0.0,-9999.0,0.0,0.0,0.0,0.0,0.0,0.0,0.0,0.0,0.0,-9999.0,0.0
,2007-01-19 13:00,0.0,0.0,0.0,-9999.0,0.0,0.0,0.0,0.0,0.0,0.0,0.0,0.0,0.0,-9999.0,0.0
,2007-01-19 14:00,0.0,0.0,0.0,-9999.0,0.0,0.0,0.0,0.0,0.0,0.0,0.0,0.0,0.0,-9999.0,0.0
,2007-01-19 15:00,0.0,0.0,0.0,-9999.0,0.0,0.0,0.0,0.0,0.0,0.0,0.0,0.0,0.0,-9999.0,0.0
,2007-01-19 16:00,0.0,0.0,0.0,-9999.0,0.0,0.0,0.0,0.0,0.0,0.0,0.0,0.0,0.0,-9999.0,0.0
,2007-01-19 17:00,0.0,0.0,0.0,2316.635742436743,0.0,0.0,0.0,0.0,0.0,0.0,0.0,0.0,0.0,2977.4655859994295,0.0
,2007-01-19 18:00,0.0,0.0,0.0,2436.696510586402,0.0,0.0,0.0,0.0,0.0,0.0,0.0,0.0,0.0,3250.584998271729,0.0
,2007-01-19 19:00,0.0,0.0,0.0,2396.922521129891,0.0,0.0,0.0,0.0,0.0,0.0,0.0,0.0,0.0,3193.795878756986,0.0
,2007-01-19 20:00,0.0,0.0,0.0,2411.539962619422,0.0,0.0,0.0,0.0,0.0,0.0,0.0,0.0,0.0,3230.6137182460075,0.0
,2007-01-19 21:00,0.0,0.0,0.0,2514.551244805334,0.0,0.0,0.0,0.0,0.0,0.0,0.0,0.0,0.0,3376.4004516661234,0.0
,2007-01-19 22:00,0.0,0.0,0.0,2474.314590719146,0.0,0.0,0.0,0.0,0.0,0.0,0.0,0.0,0.0,3229.613630270955,0.0
,2007-01-19 23:00,0.0,0.0,0.0,-9999.0,0.0,0.0,0.0,0.0,0.0,0.0,0.0,0.0,0.0,-9999.0,0.0
,2007-01-20 00:00,0.0,0.0,0.0,-9999.0,0.0,0.0,0.0,0.0,0.0,0.0,0.0,0.0,0.0,-9999.0,0.0
,2007-01-20 01:00,0.0,0.0,0.0,-9999.0,0.0,0.0,0.0,0.0,0.0,0.0,0.0,0.0,0.0,-9999.0,0.0
,2007-01-20 02:00,0.0,0.0,0.0,-9999.0,0.0,0.0,0.0,0.0,0.0,0.0,0.0,0.0,0.0,-9999.0,0.0
,2007-01-20 03:00,0.0,0.0,0.0,2249.8279363648385,0.0,0.0,0.0,0.0,0.0,0.0,0.0,0.0,0.0,2680.834268047018,0.0
,2007-01-20 04:00,0.0,0.0,0.0,2262.547521131638,0.0,0.0,0.0,0.0,0.0,0.0,0.0,0.0,0.0,2633.91792057155,0.0
,2007-01-20 05:00,0.0,0.0,0.0,2405.539973615352,0.0,0.0,0.0,0.0,0.0,0.0,0.0,0.0,0.0,2752.2940888493317,0.0
,2007-01-20 06:00,0.0,0.0,0.0,2454.792580670104,0.0,0.0,0.0,0.0,0.0,0.0,0.0,0.0,0.0,2753.4178472080316,0.0
,2007-01-20 07:00,0.0,0.0,0.0,2524.680174210485,0.0,0.0,0.0,0.0,0.0,0.0,0.0,0.0,0.0,2786.395502256695,0.0
,2007-01-20 08:00,0.0,0.0,0.0,-9999.0,0.0,0.0,0.0,0.0,0.0,0.0,0.0,0.0,0.0,-9999.0,0.0
,2007-01-20 09:00,0.0,0.0,0.0,-9999.0,0.0,0.0,0.0,0.0,0.0,0.0,0.0,0.0,0.0,-9999.0,0.0
,2007-01-20 10:00,0.0,0.0,0.0,-9999.0,0.0,0.0,0.0,0.0,0.0,0.0,0.0,0.0,0.0,-9999.0,0.0
,2007-01-20 11:00,0.0,0.0,0.0,-9999.0,0.0,0.0,0.0,0.0,0.0,0.0,0.0,0.0,0.0,-9999.0,0.0
,2007-01-20 12:00,0.0,0.0,0.0,-9999.0,0.0,0.0,0.0,0.0,0.0,0.0,0.0,0.0,0.0,-9999.0,0.0
,2007-01-20 13:00,0.0,0.0,0.0,-9999.0,0.0,0.0,0.0,0.0,0.0,0.0,0.0,0.0,0.0,-9999.0,0.0
,2007-01-20 14:00,0.0,0.0,0.0,-9999.0,0.0,0.0,0.0,0.0,0.0,0.0,0.0,0.0,0.0,-9999.0,0.0
,2007-01-20 15:00,0.0,0.0,0.0,-9999.0,0.0,0.0,0.0,0.0,0.0,0.0,0.0,0.0,0.0,-9999.0,0.0
,2007-01-20 16:00,0.0,0.0,0.0,-9999.0,0.0,0.0,0.0,0.0,0.0,0.0,0.0,0.0,0.0,-9999.0,0.0
,2007-01-20 17:00,0.0,0.0,0.0,2474.0070948343437,0.0,0.0,0.0,0.0,0.0,0.0,0.0,0.0,0.0,2683.6747136603367,0.0
,2007-01-20 18:00,0.0,0.0,0.0,2364.90655326488,0.0,0.0,0.0,0.0,0.0,0.0,0.0,0.0,0.0,2563.6485009895932,0.0
,2007-01-20 19:00,0.0,0.0,0.0,2141.397779541879,0.0,0.0,0.0,0.0,0.0,0.0,0.0,0.0,0.0,2320.8161176601484,0.0
,2007-01-20 20:00,0.0,0.0,0.0,2034.5223615822374,0.0,0.0,0.0,0.0,0.0,0.0,0.0,0.0,0.0,2203.0420427234276,0.0
,2007-01-20 21:00,0.0,0.0,0.0,1951.4620247380567,0.0,0.0,0.0,0.0,0.0,0.0,0.0,0.0,0.0,2090.188844659223,0.0
,2007-01-20 22:00,0.0,0.0,0.0,1843.8721213071296,0.0,0.0,0.0,0.0,0.0,0.0,0.0,0.0,0.0,1970.079112336112,0.0
,2007-01-20 23:00,0.0,0.0,0.0,-9999.0,0.0,0.0,0.0,0.0,0.0,0.0,0.0,0.0,0.0,-9999.0,0.0
,2007-01-21 00:00,0.0,0.0,0.0,-9999.0,0.0,0.0,0.0,0.0,0.0,0.0,0.0,0.0,0.0,-9999.0,0.0
,2007-01-21 01:00,0.0,0.0,0.0,-9999.0,0.0,0.0,0.0,0.0,0.0,0.0,0.0,0.0,0.0,-9999.0,0.0
,2007-01-21 02:00,0.0,0.0,0.0,-9999.0,0.0,0.0,0.0,0.0,0.0,0.0,0.0,0.0,0.0,-9999.0,0.0
,2007-01-21 03:00,0.0,0.0,0.0,1778.325921953253,0.0,0.0,0.0,0.0,0.0,0.0,0.0,0.0,0.0,1871.2323441969359,0.0
,2007-01-21 04:00,0.0,0.0,0.0,1775.9423410821967,0.0,0.0,0.0,0.0,0.0,0.0,0.0,0.0,0.0,1863.2802120472884,0.0
,2007-01-21 05:00,0.0,0.0,0.0,1699.2683677329105,0.0,0.0,0.0,0.0,0.0,0.0,0.0,0.0,0.0,1784.8304687303425,0.0
,2007-01-21 06:00,0.0,0.0,0.0,1635.9227928039954,0.0,0.0,0.0,0.0,0.0,0.0,0.0,0.0,0.0,1708.7660428328543,0.0
,2007-01-21 07:00,0.0,0.0,0.0,1618.5980161668047,0.0,0.0,0.0,0.0,0.0,0.0,0.0,0.0,0.0,1676.6171265548367,0.0
,2007-01-21 08:00,0.0,0.0,0.0,-9999.0,0.0,0.0,0.0,0.0,0.0,0.0,0.0,0.0,0.0,-9999.0,0.0
,2007-01-21 09:00,0.0,0.0,0.0,-9999.0,0.0,0.0,0.0,0.0,0.0,0.0,0.0,0.0,0.0,-9999.0,0.0
,2007-01-21 10:00,0.0,0.0,0.0,-9999.0,0.0,0.0,0.0,0.0,0.0,0.0,0.0,0.0,0.0,-9999.0,0.0
,2007-01-21 11:00,0.0,0.0,0.0,-9999.0,0.0,0.0,0.0,0.0,0.0,0.0,0.0,0.0,0.0,-9999.0,0.0
,2007-01-21 12:00,0.0,0.0,0.0,-9999.0,0.0,0.0,0.0,0.0,0.0,0.0,0.0,0.0,0.0,-9999.0,0.0
,2007-01-21 13:00,0.0,0.0,0.0,-9999.0,0.0,0.0,0.0,0.0,0.0,0.0,0.0,0.0,0.0,-9999.0,0.0
,2007-01-21 14:00,0.0,0.0,0.0,-9999.0,0.0,0.0,0.0,0.0,0.0,0.0,0.0,0.0,0.0,-9999.0,0.0
,2007-01-21 15:00,0.0,0.0,0.0,-9999.0,0.0,0.0,0.0,0.0,0.0,0.0,0.0,0.0,0.0,-9999.0,0.0
,2007-01-21 16:00,0.0,0.0,0.0,-9999.0,0.0,0.0,0.0,0.0,0.0,0.0,0.0,0.0,0.0,-9999.0,0.0
,2007-01-21 17:00,0.0,0.0,0.0,1494.2071775801858,0.0,0.0,0.0,0.0,0.0,0.0,0.0,0.0,0.0,1664.4328238413173,0.0
,2007-01-21 18:00,0.0,0.0,0.0,1382.5254067032859,0.0,0.0,0.0,0.0,0.0,0.0,0.0,0.0,0.0,1517.0966081702898,0.0
,2007-01-21 19:00,0.0,0.0,0.0,1352.5316456965393,0.0,0.0,0.0,0.0,0.0,0.0,0.0,0.0,0.0,1486.0868103922587,0.0
,2007-01-21 20:00,0.0,0.0,0.0,1342.770228714064,0.0,0.0,0.0,0.0,0.0,0.0,0.0,0.0,0.0,1469.1464074227142,0.0
,2007-01-21 21:00,0.0,0.0,0.0,1342.9159610461486,0.0,0.0,0.0,0.0,0.0,0.0,0.0,0.0,0.0,1462.3365172442727,0.0
,2007-01-21 22:00,0.0,0.0,0.0,1341.2312189513264,0.0,0.0,0.0,0.0,0.0,0.0,0.0,0.0,0.0,1464.5917598568217,0.0
,2007-01-21 23:00,0.0,0.0,0.0,-9999.0,0.0,0.0,0.0,0.0,0.0,0.0,0.0,0.0,0.0,-9999.0,0.0
,2007-01-22 00:00,0.0,0.0,0.0,-9999.0,0.0,0.0,0.0,0.0,0.0,0.0,0.0,0.0,0.0,-9999.0,0.0
,2007-01-22 01:00,0.0,0.0,0.0,-9999.0,0.0,0.0,0.0,0.0,0.0,0.0,0.0,0.0,0.0,-9999.0,0.0
,2007-01-22 02:00,0.0,0.0,0.0,-9999.0,0.0,0.0,0.0,0.0,0.0,0.0,0.0,0.0,0.0,-9999.0,0.0
,2007-01-22 03:00,0.0,0.0,0.0,1351.284104119186,0.0,0.0,0.0,0.0,0.0,0.0,0.0,0.0,0.0,1466.3729882326932,0.0
,2007-01-22 04:00,0.0,0.0,0.0,1337.773335318266,0.0,0.0,0.0,0.0,0.0,0.0,0.0,0.0,0.0,1468.6912194452657,0.0
,2007-01-22 05:00,0.0,0.0,0.0,1343.3607987771813,0.0,0.0,0.0,0.0,0.0,0.0,0.0,0.0,0.0,1488.206981529223,0.0
,2007-01-22 06:00,0.0,0.0,0.0,1322.4422798831888,0.0,0.0,0.0,0.0,0.0,0.0,0.0,0.0,0.0,1476.0971604358251,0.0
,2007-01-22 07:00,0.0,0.0,0.0,1332.940968588185,0.0,0.0,0.0,0.0,0.0,0.0,0.0,0.0,0.0,1482.8450118707183,0.0
,2007-01-22 08:00,0.0,0.0,0.0,-9999.0,0.0,0.0,0.0,0.0,0.0,0.0,0.0,0.0,0.0,-9999.0,0.0
,2007-01-22 09:00,0.0,0.0,0.0,-9999.0,0.0,0.0,0.0,0.0,0.0,0.0,0.0,0.0,0.0,-9999.0,0.0
,2007-01-22 10:00,0.0,0.0,0.0,-9999.0,0.0,0.0,0.0,0.0,0.0,0.0,0.0,0.0,0.0,-9999.0,0.0
,2007-01-22 11:00,0.0,0.0,0.0,-9999.0,0.0,0.0,0.0,0.0,0.0,0.0,0.0,0.0,0.0,-9999.0,0.0
,2007-01-22 12:00,0.0,0.0,0.0,-9999.0,0.0,0.0,0.0,0.0,0.0,0.0,0.0,0.0,0.0,-9999.0,0.0
,2007-01-22 13:00,0.0,0.0,0.0,-9999.0,0.0,0.0,0.0,0.0,0.0,0.0,0.0,0.0,0.0,-9999.0,0.0
,2007-01-22 14:00,0.0,0.0,0.0,-9999.0,0.0,0.0,0.0,0.0,0.0,0.0,0.0,0.0,0.0,-9999.0,0.0
,2007-01-22 15:00,0.0,0.0,0.0,-9999.0,0.0,0.0,0.0,0.0,0.0,0.0,0.0,0.0,0.0,-9999.0,0.0
,2007-01-22 16:00,0.0,0.0,0.0,-9999.0,0.0,0.0,0.0,0.0,0.0,0.0,0.0,0.0,0.0,-9999.0,0.0
,2007-01-22 17:00,0.0,0.0,0.0,1366.2270229819117,0.0,0.0,0.0,0.0,0.0,0.0,0.0,0.0,0.0,1504.513064913421,0.0
,2007-01-22 18:00,0.0,0.0,0.0,1353.3211954996543,0.0,0.0,0.0,0.0,0.0,0.0,0.0,0.0,0.0,1492.1409021450186,0.0
,2007-01-22 19:00,0.0,0.0,0.0,1354.8504475572595,0.0,0.0,0.0,0.0,0.0,0.0,0.0,0.0,0.0,1491.7095780395143,0.0
,2007-01-22 20:00,0.0,0.0,0.0,1363.708490534766,0.0,0.0,0.0,0.0,0.0,0.0,0.0,0.0,0.0,1494.364888680343,0.0
,2007-01-22 21:00,0.0,0.0,0.0,1363.8831111409113,0.0,0.0,0.0,0.0,0.0,0.0,0.0,0.0,0.0,1492.443587043161,0.0
,2007-01-22 22:00,0.0,0.0,0.0,1376.5324240304062,0.0,0.0,0.0,0.0,0.0,0.0,0.0,0.0,0.0,1502.192531557451,0.0
,2007-01-22 23:00,0.0,0.0,0.0,-9999.0,0.0,0.0,0.0,0.0,0.0,0.0,0.0,0.0,0.0,-9999.0,0.0
,2007-01-23 00:00,0.0,0.0,0.0,-9999.0,0.0,0.0,0.0,0.0,0.0,0.0,0.0,0.0,0.0,-9999.0,0.0
,2007-01-23 01:00,0.0,0.0,0.0,-9999.0,0.0,0.0,0.0,0.0,0.0,0.0,0.0,0.0,0.0,-9999.0,0.0
,2007-01-23 02:00,0.0,0.0,0.0,-9999.0,0.0,0.0,0.0,0.0,0.0,0.0,0.0,0.0,0.0,-9999.0,0.0
,2007-01-23 03:00,0.0,0.0,0.0,1391.5737088366632,0.0,0.0,0.0,0.0,0.0,0.0,0.0,0.0,0.0,1508.6780931638962,0.0
,2007-01-23 04:00,0.0,0.0,0.0,1394.660086236766,0.0,0.0,0.0,0.0,0.0,0.0,0.0,0.0,0.0,1511.4847994440522,0.0
,2007-01-23 05:00,0.0,0.0,0.0,1424.841403345345,0.0,0.0,0.0,0.0,0.0,0.0,0.0,0.0,0.0,1534.5860922103584,0.0
,2007-01-23 06:00,0.0,0.0,0.0,1419.4279056751895,0.0,0.0,0.0,0.0,0.0,0.0,0.0,0.0,0.0,1530.0651660033498,0.0
,2007-01-23 07:00,0.0,0.0,0.0,1404.7053651686304,0.0,0.0,0.0,0.0,0.0,0.0,0.0,0.0,0.0,1512.3400459216225,0.0
,2007-01-23 08:00,0.0,0.0,0.0,-9999.0,0.0,0.0,0.0,0.0,0.0,0.0,0.0,0.0,0.0,-9999.0,0.0
,2007-01-23 09:00,0.0,0.0,0.0,-9999.0,0.0,0.0,0.0,0.0,0.0,0.0,0.0,0.0,0.0,-9999.0,0.0
,2007-01-23 10:00,0.0,0.0,0.0,-9999.0,0.0,0.0,0.0,0.0,0.0,0.0,0.0,0.0,0.0,-9999.0,0.0
,2007-01-23 11:00,0.0,0.0,0.0,-9999.0,0.0,0.0,0.0,0.0,0.0,0.0,0.0,0.0,0.0,-9999.0,0.0
,2007-01-23 12:00,0.0,0.0,0.0,-9999.0,0.0,0.0,0.0,0.0,0.0,0.0,0.0,0.0,0.0,-9999.0,0.0
,2007-01-23 13:00,0.0,0.0,0.0,-9999.0,0.0,0.0,0.0,0.0,0.0,0.0,0.0,0.0,0.0,-9999.0,0.0
,2007-01-23 14:00,0.0,0.0,0.0,-9999.0,0.0,0.0,0.0,0.0,0.0,0.0,0.0,0.0,0.0,-9999.0,0.0
,2007-01-23 15:00,0.0,0.0,0.0,-9999.0,0.0,0.0,0.0,0.0,0.0,0.0,0.0,0.0,0.0,-9999.0,0.0
,2007-01-23 16:00,0.0,0.0,0.0,-9999.0,0.0,0.0,0.0,0.0,0.0,0.0,0.0,0.0,0.0,-9999.0,0.0
,2007-01-23 17:00,0.0,0.0,0.0,-9999.0,0.0,0.0,0.0,0.0,0.0,0.0,0.0,0.0,0.0,-9999.0,0.0
,2007-01-23 18:00,0.0,0.0,0.0,1352.5718081799785,0.0,0.0,0.0,0.0,0.0,0.0,0.0,0.0,0.0,1462.796048816673,0.0
,2007-01-23 19:00,0.0,0.0,0.0,1335.4479711274992,0.0,0.0,0.0,0.0,0.0,0.0,0.0,0.0,0.0,1453.1461159094895,0.0
,2007-01-23 20:00,0.0,0.0,0.0,1310.4087511348985,0.0,0.0,0.0,0.0,0.0,0.0,0.0,0.0,0.0,1438.634895799641,0.0
,2007-01-23 21:00,0.0,0.0,0.0,1262.5897050291073,0.0,0.0,0.0,0.0,0.0,0.0,0.0,0.0,0.0,1397.3564321440938,0.0
,2007-01-23 22:00,0.0,0.0,0.0,1225.8848461846198,0.0,0.0,0.0,0.0,0.0,0.0,0.0,0.0,0.0,1363.5132115909694,0.0
,2007-01-23 23:00,0.0,0.0,0.0,-9999.0,0.0,0.0,0.0,0.0,0.0,0.0,0.0,0.0,0.0,-9999.0,0.0
,2007-01-24 00:00,0.0,0.0,0.0,-9999.0,0.0,0.0,0.0,0.0,0.0,0.0,0.0,0.0,0.0,-9999.0,0.0
,2007-01-24 01:00,0.0,0.0,0.0,-9999.0,0.0,0.0,0.0,0.0,0.0,0.0,0.0,0.0,0.0,-9999.0,0.0
,2007-01-24 02:00,0.0,0.0,0.0,-9999.0,0.0,0.0,0.0,0.0,0.0,0.0,0.0,0.0,0.0,-9999.0,0.0
,2007-01-24 03:00,0.0,0.0,0.0,1100.266195916267,0.0,0.0,0.0,0.0,0.0,0.0,0.0,0.0,0.0,1237.7155792216208,0.0
,2007-01-24 04:00,0.0,0.0,0.0,1040.8977372706536,0.0,0.0,0.0,0.0,0.0,0.0,0.0,0.0,0.0,1183.5485849610268,0.0
,2007-01-24 05:00,0.0,0.0,0.0,992.8854684842172,0.0,0.0,0.0,0.0,0.0,0.0,0.0,0.0,0.0,1136.5436358166057,0.0
,2007-01-24 06:00,0.0,0.0,0.0,950.7612949920731,0.0,0.0,0.0,0.0,0.0,0.0,0.0,0.0,0.0,1093.2247184691241,0.0
,2007-01-24 07:00,0.0,0.0,0.0,945.7379627929594,0.0,0.0,0.0,0.0,0.0,0.0,0.0,0.0,0.0,1081.897481922685,0.0
,2007-01-24 08:00,0.0,0.0,0.0,-9999.0,0.0,0.0,0.0,0.0,0.0,0.0,0.0,0.0,0.0,-9999.0,0.0
,2007-01-24 09:00,0.0,0.0,0.0,-9999.0,0.0,0.0,0.0,0.0,0.0,0.0,0.0,0.0,0.0,-9999.0,0.0
,2007-01-24 10:00,0.0,0.0,0.0,-9999.0,0.0,0.0,0.0,0.0,0.0,0.0,0.0,0.0,0.0,-9999.0,0.0
,2007-01-24 11:00,0.0,0.0,0.0,-9999.0,0.0,0.0,0.0,0.0,0.0,0.0,0.0,0.0,0.0,-9999.0,0.0
,2007-01-24 12:00,0.0,0.0,0.0,-9999.0,0.0,0.0,0.0,0.0,0.0,0.0,0.0,0.0,0.0,-9999.0,0.0
,2007-01-24 13:00,0.0,0.0,0.0,-9999.0,0.0,0.0,0.0,0.0,0.0,0.0,0.0,0.0,0.0,-9999.0,0.0
,2007-01-24 14:00,0.0,0.0,0.0,-9999.0,0.0,0.0,0.0,0.0,0.0,0.0,0.0,0.0,0.0,-9999.0,0.0
,2007-01-24 15:00,0.0,0.0,0.0,-9999.0,0.0,0.0,0.0,0.0,0.0,0.0,0.0,0.0,0.0,-9999.0,0.0
,2007-01-24 16:00,0.0,0.0,0.0,-9999.0,0.0,0.0,0.0,0.0,0.0,0.0,0.0,0.0,0.0,-9999.0,0.0
,2007-01-24 17:00,0.0,0.0,0.0,-9999.0,0.0,0.0,0.0,0.0,0.0,0.0,0.0,0.0,0.0,-9999.0,0.0
,2007-01-24 18:00,0.0,0.0,0.0,766.197454989232,0.0,0.0,0.0,0.0,0.0,0.0,0.0,0.0,0.0,899.3279068527019,0.0
,2007-01-24 19:00,0.0,0.0,0.0,741.293295517681,0.0,0.0,0.0,0.0,0.0,0.0,0.0,0.0,0.0,869.8791343614697,0.0
,2007-01-24 20:00,0.0,0.0,0.0,727.8047744624524,0.0,0.0,0.0,0.0,0.0,0.0,0.0,0.0,0.0,848.1067093058331,0.0
,2007-01-24 21:00,0.0,0.0,0.0,708.532727208539,0.0,0.0,0.0,0.0,0.0,0.0,0.0,0.0,0.0,818.5606251892107,0.0
,2007-01-24 22:00,0.0,0.0,0.0,709.9675440833204,0.0,0.0,0.0,0.0,0.0,0.0,0.0,0.0,0.0,813.5070715765493,0.0
,2007-01-24 23:00,0.0,0.0,0.0,-9999.0,0.0,0.0,0.0,0.0,0.0,0.0,0.0,0.0,0.0,-9999.0,0.0
,2007-01-25 00:00,0.0,0.0,0.0,-9999.0,0.0,0.0,0.0,0.0,0.0,0.0,0.0,0.0,0.0,-9999.0,0.0
,2007-01-25 01:00,0.0,0.0,0.0,-9999.0,0.0,0.0,0.0,0.0,0.0,0.0,0.0,0.0,0.0,-9999.0,0.0
,2007-01-25 02:00,0.0,0.0,0.0,-9999.0,0.0,0.0,0.0,0.0,0.0,0.0,0.0,0.0,0.0,-9999.0,0.0
,2007-01-25 03:00,0.0,0.0,0.0,751.2278084111017,0.0,0.0,0.0,0.0,0.0,0.0,0.0,0.0,0.0,839.9675256400633,0.0
,2007-01-25 04:00,0.0,0.0,0.0,748.2677570507519,0.0,0.0,0.0,0.0,0.0,0.0,0.0,0.0,0.0,833.8019436365381,0.0
,2007-01-25 05:00,0.0,0.0,0.0,762.5798697004734,0.0,0.0,0.0,0.0,0.0,0.0,0.0,0.0,0.0,848.4436263196337,0.0
,2007-01-25 06:00,0.0,0.0,0.0,767.531972692815,0.0,0.0,0.0,0.0,0.0,0.0,0.0,0.0,0.0,858.9714633797723,0.0
,2007-01-25 07:00,0.0,0.0,0.0,769.5490047980295,0.0,0.0,0.0,0.0,0.0,0.0,0.0,0.0,0.0,859.9991832100939,0.0
,2007-01-25 08:00,0.0,0.0,0.0,-9999.0,0.0,0.0,0.0,0.0,0.0,0.0,0.0,0.0,0.0,-9999.0,0.0
,2007-01-25 09:00,0.0,0.0,0.0,-9999.0,0.0,0.0,0.0,0.0,0.0,0.0,0.0,0.0,0.0,-9999.0,0.0
,2007-01-25 10:00,0.0,0.0,0.0,-9999.0,0.0,0.0,0.0,0.0,0.0,0.0,0.0,0.0,0.0,-9999.0,0.0
,2007-01-25 11:00,0.0,0.0,0.0,-9999.0,0.0,0.0,0.0,0.0,0.0,0.0,0.0,0.0,0.0,-9999.0,0.0
,2007-01-25 12:00,0.0,0.0,0.0,-9999.0,0.0,0.0,0.0,0.0,0.0,0.0,0.0,0.0,0.0,-9999.0,0.0
,2007-01-25 13:00,0.0,0.0,0.0,-9999.0,0.0,0.0,0.0,0.0,0.0,0.0,0.0,0.0,0.0,-9999.0,0.0
,2007-01-25 14:00,0.0,0.0,0.0,-9999.0,0.0,0.0,0.0,0.0,0.0,0.0,0.0,0.0,0.0,-9999.0,0.0
,2007-01-25 15:00,0.0,0.0,0.0,-9999.0,0.0,0.0,0.0,0.0,0.0,0.0,0.0,0.0,0.0,-9999.0,0.0
,2007-01-25 16:00,0.0,0.0,0.0,-9999.0,0.0,0.0,0.0,0.0,0.0,0.0,0.0,0.0,0.0,-9999.0,0.0
,2007-01-25 17:00,0.0,0.0,0.0,-9999.0,0.0,0.0,0.0,0.0,0.0,0.0,0.0,0.0,0.0,-9999.0,0.0
,2007-01-25 18:00,0.0,0.0,0.0,823.3932684650994,0.0,0.0,0.0,0.0,0.0,0.0,0.0,0.0,0.0,934.1203286221146,0.0
,2007-01-25 19:00,0.0,0.0,0.0,823.6940312959132,0.0,0.0,0.0,0.0,0.0,0.0,0.0,0.0,0.0,930.5003369617802,0.0
,2007-01-25 20:00,0.0,0.0,0.0,818.1055715385266,0.0,0.0,0.0,0.0,0.0,0.0,0.0,0.0,0.0,922.7696577160608,0.0
,2007-01-25 21:00,0.0,0.0,0.0,827.1389204677675,0.0,0.0,0.0,0.0,0.0,0.0,0.0,0.0,0.0,930.615920033743,0.0
,2007-01-25 22:00,0.0,0.0,0.0,828.5653378062523,0.0,0.0,0.0,0.0,0.0,0.0,0.0,0.0,0.0,929.3542203219399,0.0
,2007-01-25 23:00,0.0,0.0,0.0,-9999.0,0.0,0.0,0.0,0.0,0.0,0.0,0.0,0.0,0.0,-9999.0,0.0
,2007-01-26 00:00,0.0,0.0,0.0,-9999.0,0.0,0.0,0.0,0.0,0.0,0.0,0.0,0.0,0.0,-9999.0,0.0
,2007-01-26 01:00,0.0,0.0,0.0,-9999.0,0.0,0.0,0.0,0.0,0.0,0.0,0.0,0.0,0.0,-9999.0,0.0
,2007-01-26 02:00,0.0,0.0,0.0,-9999.0,0.0,0.0,0.0,0.0,0.0,0.0,0.0,0.0,0.0,-9999.0,0.0
,2007-01-26 03:00,0.0,0.0,0.0,807.0971489873742,0.0,0.0,0.0,0.0,0.0,0.0,0.0,0.0,0.0,906.7337047270573,0.0
,2007-01-26 04:00,0.0,0.0,0.0,796.2527367523082,0.0,0.0,0.0,0.0,0.0,0.0,0.0,0.0,0.0,896.0480994873543,0.0
,2007-01-26 05:00,0.0,0.0,0.0,788.3625738103372,0.0,0.0,0.0,0.0,0.0,0.0,0.0,0.0,0.0,887.4366019794863,0.0
,2007-01-26 06:00,0.0,0.0,0.0,774.9949677198606,0.0,0.0,0.0,0.0,0.0,0.0,0.0,0.0,0.0,872.9662169330443,0.0
,2007-01-26 07:00,0.0,0.0,0.0,771.4191761236466,0.0,0.0,0.0,0.0,0.0,0.0,0.0,0.0,0.0,867.4738166275104,0.0
,2007-01-26 08:00,0.0,0.0,0.0,-9999.0,0.0,0.0,0.0,0.0,0.0,0.0,0.0,0.0,0.0,-9999.0,0.0
,2007-01-26 09:00,0.0,0.0,0.0,-9999.0,0.0,0.0,0.0,0.0,0.0,0.0,0.0,0.0,0.0,-9999.0,0.0
,2007-01-26 10:00,0.0,0.0,0.0,-9999.0,0.0,0.0,0.0,0.0,0.0,0.0,0.0,0.0,0.0,-9999.0,0.0
,2007-01-26 11:00,0.0,0.0,0.0,-9999.0,0.0,0.0,0.0,0.0,0.0,0.0,0.0,0.0,0.0,-9999.0,0.0
,2007-01-26 12:00,0.0,0.0,0.0,-9999.0,0.0,0.0,0.0,0.0,0.0,0.0,0.0,0.0,0.0,-9999.0,0.0
,2007-01-26 13:00,0.0,0.0,0.0,-9999.0,0.0,0.0,0.0,0.0,0.0,0.0,0.0,0.0,0.0,-9999.0,0.0
,2007-01-26 14:00,0.0,0.0,0.0,-9999.0,0.0,0.0,0.0,0.0,0.0,0.0,0.0,0.0,0.0,-9999.0,0.0
,2007-01-26 15:00,0.0,0.0,0.0,-9999.0,0.0,0.0,0.0,0.0,0.0,0.0,0.0,0.0,0.0,-9999.0,0.0
,2007-01-26 16:00,0.0,0.0,0.0,-9999.0,0.0,0.0,0.0,0.0,0.0,0.0,0.0,0.0,0.0,-9999.0,0.0
,2007-01-26 17:00,0.0,0.0,0.0,-9999.0,0.0,0.0,0.0,0.0,0.0,0.0,0.0,0.0,0.0,-9999.0,0.0
,2007-01-26 18:00,0.0,0.0,0.0,725.949323459118,0.0,0.0,0.0,0.0,0.0,0.0,0.0,0.0,0.0,832.4000099615226,0.0
,2007-01-26 19:00,0.0,0.0,0.0,713.47059854949,0.0,0.0,0.0,0.0,0.0,0.0,0.0,0.0,0.0,806.2314421497559,0.0
,2007-01-26 20:00,0.0,0.0,0.0,706.103577418006,0.0,0.0,0.0,0.0,0.0,0.0,0.0,0.0,0.0,794.7949706734481,0.0
,2007-01-26 21:00,0.0,0.0,0.0,696.4314560613108,0.0,0.0,0.0,0.0,0.0,0.0,0.0,0.0,0.0,780.7474605742271,0.0
,2007-01-26 22:00,0.0,0.0,0.0,692.7535082777713,0.0,0.0,0.0,0.0,0.0,0.0,0.0,0.0,0.0,777.5774969425875,0.0
,2007-01-26 23:00,0.0,0.0,0.0,-9999.0,0.0,0.0,0.0,0.0,0.0,0.0,0.0,0.0,0.0,-9999.0,0.0
,2007-01-27 00:00,0.0,0.0,0.0,-9999.0,0.0,0.0,0.0,0.0,0.0,0.0,0.0,0.0,0.0,-9999.0,0.0
,2007-01-27 01:00,0.0,0.0,0.0,-9999.0,0.0,0.0,0.0,0.0,0.0,0.0,0.0,0.0,0.0,-9999.0,0.0
,2007-01-27 02:00,0.0,0.0,0.0,-9999.0,0.0,0.0,0.0,0.0,0.0,0.0,0.0,0.0,0.0,-9999.0,0.0
,2007-01-27 03:00,0.0,0.0,0.0,802.2194502640147,0.0,0.0,0.0,0.0,0.0,0.0,0.0,0.0,0.0,879.1645708006033,0.0
,2007-01-27 04:00,0.0,0.0,0.0,815.8394526228626,0.0,0.0,0.0,0.0,0.0,0.0,0.0,0.0,0.0,891.4080161469255,0.0
,2007-01-27 05:00,0.0,0.0,0.0,850.4110825176409,0.0,0.0,0.0,0.0,0.0,0.0,0.0,0.0,0.0,932.6143223124056,0.0
,2007-01-27 06:00,0.0,0.0,0.0,852.6975973806163,0.0,0.0,0.0,0.0,0.0,0.0,0.0,0.0,0.0,951.1911698932697,0.0
,2007-01-27 07:00,0.0,0.0,0.0,857.4260486402286,0.0,0.0,0.0,0.0,0.0,0.0,0.0,0.0,0.0,970.0692238695246,0.0
,2007-01-27 08:00,0.0,0.0,0.0,-9999.0,0.0,0.0,0.0,0.0,0.0,0.0,0.0,0.0,0.0,-9999.0,0.0
,2007-01-27 09:00,0.0,0.0,0.0,-9999.0,0.0,0.0,0.0,0.0,0.0,0.0,0.0,0.0,0.0,-9999.0,0.0
,2007-01-27 10:00,0.0,0.0,0.0,-9999.0,0.0,0.0,0.0,0.0,0.0,0.0,0.0,0.0,0.0,-9999.0,0.0
,2007-01-27 11:00,0.0,0.0,0.0,-9999.0,0.0,0.0,0.0,0.0,0.0,0.0,0.0,0.0,0.0,-9999.0,0.0
,2007-01-27 12:00,0.0,0.0,0.0,-9999.0,0.0,0.0,0.0,0.0,0.0,0.0,0.0,0.0,0.0,-9999.0,0.0
,2007-01-27 13:00,0.0,0.0,0.0,-9999.0,0.0,0.0,0.0,0.0,0.0,0.0,0.0,0.0,0.0,-9999.0,0.0
,2007-01-27 14:00,0.0,0.0,0.0,-9999.0,0.0,0.0,0.0,0.0,0.0,0.0,0.0,0.0,0.0,-9999.0,0.0
,2007-01-27 15:00,0.0,0.0,0.0,-9999.0,0.0,0.0,0.0,0.0,0.0,0.0,0.0,0.0,0.0,-9999.0,0.0
,2007-01-27 16:00,0.0,0.0,0.0,-9999.0,0.0,0.0,0.0,0.0,0.0,0.0,0.0,0.0,0.0,-9999.0,0.0
,2007-01-27 17:00,0.0,0.0,0.0,-9999.0,0.0,0.0,0.0,0.0,0.0,0.0,0.0,0.0,0.0,-9999.0,0.0
,2007-01-27 18:00,0.0,0.0,0.0,904.6937639286007,0.0,0.0,0.0,0.0,0.0,0.0,0.0,0.0,0.0,1074.0270756944515,0.0
,2007-01-27 19:00,0.0,0.0,0.0,900.3125722767554,0.0,0.0,0.0,0.0,0.0,0.0,0.0,0.0,0.0,1056.7538170573641,0.0
,2007-01-27 20:00,0.0,0.0,0.0,892.0767291120825,0.0,0.0,0.0,0.0,0.0,0.0,0.0,0.0,0.0,1024.6520355556556,0.0
,2007-01-27 21:00,0.0,0.0,0.0,931.6174883891623,0.0,0.0,0.0,0.0,0.0,0.0,0.0,0.0,0.0,1063.57443773845,0.0
,2007-01-27 22:00,0.0,0.0,0.0,947.5387312832655,0.0,0.0,0.0,0.0,0.0,0.0,0.0,0.0,0.0,1074.524729963222,0.0
,2007-01-27 23:00,0.0,0.0,0.0,-9999.0,0.0,0.0,0.0,0.0,0.0,0.0,0.0,0.0,0.0,-9999.0,0.0
,2007-01-28 00:00,0.0,0.0,0.0,-9999.0,0.0,0.0,0.0,0.0,0.0,0.0,0.0,0.0,0.0,-9999.0,0.0
,2007-01-28 01:00,0.0,0.0,0.0,-9999.0,0.0,0.0,0.0,0.0,0.0,0.0,0.0,0.0,0.0,-9999.0,0.0
,2007-01-28 02:00,0.0,0.0,0.0,-9999.0,0.0,0.0,0.0,0.0,0.0,0.0,0.0,0.0,0.0,-9999.0,0.0
,2007-01-28 03:00,0.0,0.0,0.0,981.9703856890114,0.0,0.0,0.0,0.0,0.0,0.0,0.0,0.0,0.0,1066.231657349152,0.0
,2007-01-28 04:00,0.0,0.0,0.0,998.104159088729,0.0,0.0,0.0,0.0,0.0,0.0,0.0,0.0,0.0,1071.0948154625416,0.0
,2007-01-28 05:00,0.0,0.0,0.0,1014.0713250186625,0.0,0.0,0.0,0.0,0.0,0.0,0.0,0.0,0.0,1101.5077082844027,0.0
,2007-01-28 06:00,0.0,0.0,0.0,1026.3920321565568,0.0,0.0,0.0,0.0,0.0,0.0,0.0,0.0,0.0,1126.7489990769434,0.0
,2007-01-28 07:00,0.0,0.0,0.0,1039.6867745030713,0.0,0.0,0.0,0.0,0.0,0.0,0.0,0.0,0.0,1134.434980112614,0.0
,2007-01-28 08:00,0.0,0.0,0.0,-9999.0,0.0,0.0,0.0,0.0,0.0,0.0,0.0,0.0,0.0,-9999.0,0.0
,2007-01-28 09:00,0.0,0.0,0.0,-9999.0,0.0,0.0,0.0,0.0,0.0,0.0,0.0,0.0,0.0,-9999.0,0.0
,2007-01-28 10:00,0.0,0.0,0.0,-9999.0,0.0,0.0,0.0,0.0,0.0,0.0,0.0,0.0,0.0,-9999.0,0.0
,2007-01-28 11:00,0.0,0.0,0.0,-9999.0,0.0,0.0,0.0,0.0,0.0,0.0,0.0,0.0,0.0,-9999.0,0.0
,2007-01-28 12:00,0.0,0.0,0.0,-9999.0,0.0,0.0,0.0,0.0,0.0,0.0,0.0,0.0,0.0,-9999.0,0.0
,2007-01-28 13:00,0.0,0.0,0.0,-9999.0,0.0,0.0,0.0,0.0,0.0,0.0,0.0,0.0,0.0,-9999.0,0.0
,2007-01-28 14:00,0.0,0.0,0.0,-9999.0,0.0,0.0,0.0,0.0,0.0,0.0,0.0,0.0,0.0,-9999.0,0.0
,2007-01-28 15:00,0.0,0.0,0.0,-9999.0,0.0,0.0,0.0,0.0,0.0,0.0,0.0,0.0,0.0,-9999.0,0.0
,2007-01-28 16:00,0.0,0.0,0.0,-9999.0,0.0,0.0,0.0,0.0,0.0,0.0,0.0,0.0,0.0,-9999.0,0.0
,2007-01-28 17:00,0.0,0.0,0.0,-9999.0,0.0,0.0,0.0,0.0,0.0,0.0,0.0,0.0,0.0,-9999.0,0.0
,2007-01-28 18:00,0.0,0.0,0.0,1259.177024778152,0.0,0.0,0.0,0.0,0.0,0.0,0.0,0.0,0.0,1406.7348933114924,0.0
,2007-01-28 19:00,0.0,0.0,0.0,1256.934091658714,0.0,0.0,0.0,0.0,0.0,0.0,0.0,0.0,0.0,1414.0866556878711,0.0
,2007-01-28 20:00,0.0,0.0,0.0,1229.5558251017942,0.0,0.0,0.0,0.0,0.0,0.0,0.0,0.0,0.0,1382.0595188044033,0.0
,2007-01-28 21:00,0.0,0.0,0.0,1217.82767463072,0.0,0.0,0.0,0.0,0.0,0.0,0.0,0.0,0.0,1378.2598059764357,0.0
,2007-01-28 22:00,0.0,0.0,0.0,1235.4127301837282,0.0,0.0,0.0,0.0,0.0,0.0,0.0,0.0,0.0,1406.104616648768,0.0
,2007-01-28 23:00,0.0,0.0,0.0,-9999.0,0.0,0.0,0.0,0.0,0.0,0.0,0.0,0.0,0.0,-9999.0,0.0
,2007-01-29 00:00,0.0,0.0,0.0,-9999.0,0.0,0.0,0.0,0.0,0.0,0.0,0.0,0.0,0.0,-9999.0,0.0
,2007-01-29 01:00,0.0,0.0,0.0,-9999.0,0.0,0.0,0.0,0.0,0.0,0.0,0.0,0.0,0.0,-9999.0,0.0
,2007-01-29 02:00,0.0,0.0,0.0,-9999.0,0.0,0.0,0.0,0.0,0.0,0.0,0.0,0.0,0.0,-9999.0,0.0
,2007-01-29 03:00,0.0,0.0,0.0,1238.6510826784488,0.0,0.0,0.0,0.0,0.0,0.0,0.0,0.0,0.0,1372.419404033694,0.0
,2007-01-29 04:00,0.0,0.0,0.0,1248.9221417941708,0.0,0.0,0.0,0.0,0.0,0.0,0.0,0.0,0.0,1362.9006703282816,0.0
,2007-01-29 05:00,0.0,0.0,0.0,1244.977109062848,0.0,0.0,0.0,0.0,0.0,0.0,0.0,0.0,0.0,1365.7484543274536,0.0
,2007-01-29 06:00,0.0,0.0,0.0,1267.8248413892427,0.0,0.0,0.0,0.0,0.0,0.0,0.0,0.0,0.0,1405.411330504159,0.0
,2007-01-29 07:00,0.0,0.0,0.0,1267.6153173262421,0.0,0.0,0.0,0.0,0.0,0.0,0.0,0.0,0.0,1414.6488637677694,0.0
,2007-01-29 08:00,0.0,0.0,0.0,-9999.0,0.0,0.0,0.0,0.0,0.0,0.0,0.0,0.0,0.0,-9999.0,0.0
,2007-01-29 09:00,0.0,0.0,0.0,-9999.0,0.0,0.0,0.0,0.0,0.0,0.0,0.0,0.0,0.0,-9999.0,0.0
,2007-01-29 10:00,0.0,0.0,0.0,-9999.0,0.0,0.0,0.0,0.0,0.0,0.0,0.0,0.0,0.0,-9999.0,0.0
,2007-01-29 11:00,0.0,0.0,0.0,-9999.0,0.0,0.0,0.0,0.0,0.0,0.0,0.0,0.0,0.0,-9999.0,0.0
,2007-01-29 12:00,0.0,0.0,0.0,-9999.0,0.0,0.0,0.0,0.0,0.0,0.0,0.0,0.0,0.0,-9999.0,0.0
,2007-01-29 13:00,0.0,0.0,0.0,-9999.0,0.0,0.0,0.0,0.0,0.0,0.0,0.0,0.0,0.0,-9999.0,0.0
,2007-01-29 14:00,0.0,0.0,0.0,-9999.0,0.0,0.0,0.0,0.0,0.0,0.0,0.0,0.0,0.0,-9999.0,0.0
,2007-01-29 15:00,0.0,0.0,0.0,-9999.0,0.0,0.0,0.0,0.0,0.0,0.0,0.0,0.0,0.0,-9999.0,0.0
,2007-01-29 16:00,0.0,0.0,0.0,-9999.0,0.0,0.0,0.0,0.0,0.0,0.0,0.0,0.0,0.0,-9999.0,0.0
,2007-01-29 17:00,0.0,0.0,0.0,-9999.0,0.0,0.0,0.0,0.0,0.0,0.0,0.0,0.0,0.0,-9999.0,0.0
,2007-01-29 18:00,0.0,0.0,0.0,1426.059182860054,0.0,0.0,0.0,0.0,0.0,0.0,0.0,0.0,0.0,1684.1416913664375,0.0
,2007-01-29 19:00,0.0,0.0,0.0,1430.7379584221312,0.0,0.0,0.0,0.0,0.0,0.0,0.0,0.0,0.0,1686.6219170596826,0.0
,2007-01-29 20:00,0.0,0.0,0.0,1420.3926325085595,0.0,0.0,0.0,0.0,0.0,0.0,0.0,0.0,0.0,1654.8998660926636,0.0
,2007-01-29 21:00,0.0,0.0,0.0,1405.7921008732246,0.0,0.0,0.0,0.0,0.0,0.0,0.0,0.0,0.0,1591.979914168415,0.0
,2007-01-29 22:00,0.0,0.0,0.0,1380.2561784321483,0.0,0.0,0.0,0.0,0.0,0.0,0.0,0.0,0.0,1549.2525162459149,0.0
,2007-01-29 23:00,0.0,0.0,0.0,-9999.0,0.0,0.0,0.0,0.0,0.0,0.0,0.0,0.0,0.0,-9999.0,0.0
,2007-01-30 00:00,0.0,0.0,0.0,-9999.0,0.0,0.0,0.0,0.0,0.0,0.0,0.0,0.0,0.0,-9999.0,0.0
,2007-01-30 01:00,0.0,0.0,0.0,-9999.0,0.0,0.0,0.0,0.0,0.0,0.0,0.0,0.0,0.0,-9999.0,0.0
,2007-01-30 02:00,0.0,0.0,0.0,-9999.0,0.0,0.0,0.0,0.0,0.0,0.0,0.0,0.0,0.0,-9999.0,0.0
,2007-01-30 03:00,0.0,0.0,0.0,1336.0826356110915,0.0,0.0,0.0,0.0,0.0,0.0,0.0,0.0,0.0,1447.001497373827,0.0
,2007-01-30 04:00,0.0,0.0,0.0,1326.0256387072884,0.0,0.0,0.0,0.0,0.0,0.0,0.0,0.0,0.0,1416.7341239234,0.0
,2007-01-30 05:00,0.0,0.0,0.0,1356.3035040861992,0.0,0.0,0.0,0.0,0.0,0.0,0.0,0.0,0.0,1442.4568019400701,0.0
,2007-01-30 06:00,0.0,0.0,0.0,1349.3531980573218,0.0,0.0,0.0,0.0,0.0,0.0,0.0,0.0,0.0,1431.4411770281274,0.0
,2007-01-30 07:00,0.0,0.0,0.0,1353.5646101471307,0.0,0.0,0.0,0.0,0.0,0.0,0.0,0.0,0.0,1439.5211620448447,0.0
,2007-01-30 08:00,0.0,0.0,0.0,-9999.0,0.0,0.0,0.0,0.0,0.0,0.0,0.0,0.0,0.0,-9999.0,0.0
,2007-01-30 09:00,0.0,0.0,0.0,-9999.0,0.0,0.0,0.0,0.0,0.0,0.0,0.0,0.0,0.0,-9999.0,0.0
,2007-01-30 10:00,0.0,0.0,0.0,-9999.0,0.0,0.0,0.0,0.0,0.0,0.0,0.0,0.0,0.0,-9999.0,0.0
,2007-01-30 11:00,0.0,0.0,0.0,-9999.0,0.0,0.0,0.0,0.0,0.0,0.0,0.0,0.0,0.0,-9999.0,0.0
,2007-01-30 12:00,0.0,0.0,0.0,-9999.0,0.0,0.0,0.0,0.0,0.0,0.0,0.0,0.0,0.0,-9999.0,0.0
,2007-01-30 13:00,0.0,0.0,0.0,-9999.0,0.0,0.0,0.0,0.0,0.0,0.0,0.0,0.0,0.0,-9999.0,0.0
,2007-01-30 14:00,0.0,0.0,0.0,-9999.0,0.0,0.0,0.0,0.0,0.0,0.0,0.0,0.0,0.0,-9999.0,0.0
,2007-01-30 15:00,0.0,0.0,0.0,-9999.0,0.0,0.0,0.0,0.0,0.0,0.0,0.0,0.0,0.0,-9999.0,0.0
,2007-01-30 16:00,0.0,0.0,0.0,-9999.0,0.0,0.0,0.0,0.0,0.0,0.0,0.0,0.0,0.0,-9999.0,0.0
,2007-01-30 17:00,0.0,0.0,0.0,-9999.0,0.0,0.0,0.0,0.0,0.0,0.0,0.0,0.0,0.0,-9999.0,0.0
,2007-01-30 18:00,0.0,0.0,0.0,1505.7315531472943,0.0,0.0,0.0,0.0,0.0,0.0,0.0,0.0,0.0,1647.8138497731097,0.0
,2007-01-30 19:00,0.0,0.0,0.0,1535.670255021992,0.0,0.0,0.0,0.0,0.0,0.0,0.0,0.0,0.0,1662.5591327623874,0.0
,2007-01-30 20:00,0.0,0.0,0.0,1536.045234878987,0.0,0.0,0.0,0.0,0.0,0.0,0.0,0.0,0.0,1652.011524205363,0.0
,2007-01-30 21:00,0.0,0.0,0.0,1548.7995713536823,0.0,0.0,0.0,0.0,0.0,0.0,0.0,0.0,0.0,1648.1818004214874,0.0
,2007-01-30 22:00,0.0,0.0,0.0,1618.324358413995,0.0,0.0,0.0,0.0,0.0,0.0,0.0,0.0,0.0,1689.0389300257596,0.0
,2007-01-30 23:00,0.0,0.0,0.0,-9999.0,0.0,0.0,0.0,0.0,0.0,0.0,0.0,0.0,0.0,-9999.0,0.0
,2007-01-31 00:00,0.0,0.0,0.0,-9999.0,0.0,0.0,0.0,0.0,0.0,0.0,0.0,0.0,0.0,-9999.0,0.0
,2007-01-31 01:00,0.0,0.0,0.0,-9999.0,0.0,0.0,0.0,0.0,0.0,0.0,0.0,0.0,0.0,-9999.0,0.0
,2007-01-31 02:00,0.0,0.0,0.0,-9999.0,0.0,0.0,0.0,0.0,0.0,0.0,0.0,0.0,0.0,-9999.0,0.0
,2007-01-31 03:00,0.0,0.0,0.0,1650.9707649913705,0.0,0.0,0.0,0.0,0.0,0.0,0.0,0.0,0.0,1679.7487905659484,0.0
,2007-01-31 04:00,0.0,0.0,0.0,1658.389633429597,0.0,0.0,0.0,0.0,0.0,0.0,0.0,0.0,0.0,1662.5184104933132,0.0
,2007-01-31 05:00,0.0,0.0,0.0,1667.518271413532,0.0,0.0,0.0,0.0,0.0,0.0,0.0,0.0,0.0,1655.625994079252,0.0
,2007-01-31 06:00,0.0,0.0,0.0,1591.4510716874554,0.0,0.0,0.0,0.0,0.0,0.0,0.0,0.0,0.0,1593.127937628472,0.0
,2007-01-31 07:00,0.0,0.0,0.0,1584.940642787985,0.0,0.0,0.0,0.0,0.0,0.0,0.0,0.0,0.0,1583.3467272511432,0.0
,2007-01-31 08:00,0.0,0.0,0.0,-9999.0,0.0,0.0,0.0,0.0,0.0,0.0,0.0,0.0,0.0,-9999.0,0.0
,2007-01-31 09:00,0.0,0.0,0.0,-9999.0,0.0,0.0,0.0,0.0,0.0,0.0,0.0,0.0,0.0,-9999.0,0.0
,2007-01-31 10:00,0.0,0.0,0.0,-9999.0,0.0,0.0,0.0,0.0,0.0,0.0,0.0,0.0,0.0,-9999.0,0.0
,2007-01-31 11:00,0.0,0.0,0.0,-9999.0,0.0,0.0,0.0,0.0,0.0,0.0,0.0,0.0,0.0,-9999.0,0.0
,2007-01-31 12:00,0.0,0.0,0.0,-9999.0,0.0,0.0,0.0,0.0,0.0,0.0,0.0,0.0,0.0,-9999.0,0.0
,2007-01-31 13:00,0.0,0.0,0.0,-9999.0,0.0,0.0,0.0,0.0,0.0,0.0,0.0,0.0,0.0,-9999.0,0.0
,2007-01-31 14:00,0.0,0.0,0.0,-9999.0,0.0,0.0,0.0,0.0,0.0,0.0,0.0,0.0,0.0,-9999.0,0.0
,2007-01-31 15:00,0.0,0.0,0.0,-9999.0,0.0,0.0,0.0,0.0,0.0,0.0,0.0,0.0,0.0,-9999.0,0.0
,2007-01-31 16:00,0.0,0.0,0.0,-9999.0,0.0,0.0,0.0,0.0,0.0,0.0,0.0,0.0,0.0,-9999.0,0.0
,2007-01-31 17:00,0.0,0.0,0.0,-9999.0,0.0,0.0,0.0,0.0,0.0,0.0,0.0,0.0,0.0,-9999.0,0.0
,2007-01-31 18:00,0.0,0.0,0.0,1484.4748897993886,0.0,0.0,0.0,0.0,0.0,0.0,0.0,0.0,0.0,1569.3956293231186,0.0
,2007-01-31 19:00,0.0,0.0,0.0,1468.6276515699149,0.0,0.0,0.0,0.0,0.0,0.0,0.0,0.0,0.0,1559.2509043834953,0.0
,2007-01-31 20:00,0.0,0.0,0.0,1453.6188043950694,0.0,0.0,0.0,0.0,0.0,0.0,0.0,0.0,0.0,1546.2649047596728,0.0
,2007-01-31 21:00,0.0,0.0,0.0,1508.9462903251645,0.0,0.0,0.0,0.0,0.0,0.0,0.0,0.0,0.0,1596.3249761068785,0.0
,2007-01-31 22:00,0.0,0.0,0.0,1531.1155653984536,0.0,0.0,0.0,0.0,0.0,0.0,0.0,0.0,0.0,1619.2114041527325,0.0
,2007-01-31 23:00,0.0,0.0,0.0,-9999.0,0.0,0.0,0.0,0.0,0.0,0.0,0.0,0.0,0.0,-9999.0,0.0

